archivo,COL_1_REAL,COL_1_EXT,COMP_COL_1,COL_2_REAL,COL_2_EXT,COMP_COL_2,COL_3_REAL,COL_3_EXT,COMP_COL_3,CODIGO_COMP,MOTIVOS ERROR
348.png,COL 1. 12837 92743,COL 1. 12837 92743,True,COL 2. 56300 00894,COL 2. 56300 00894,True,COL 3. 53535 08851,COL 3. 53535 08851,True,True,
374.png,COL 1. 16579 72589,COL 1. 16579 72589,True,COL 2. 71314 01595,COL 2. 71314 01595,True,COL 3. 63531 14034,COL 3. 63531 14034,True,True,
base64decoded - 2026-01-21T151846.052.png,COL 1. 64806 06062,COL 1. 64806 06062,True,COL 2. 16007 20851,COL 2. 16007 20851,True,COL 3. 50498 02985,COL 3. 50498 02985,True,True,
360.png,COL 1. 82359 81604,COL 1. 82359 81604,True,COL 2. 63366 06595,COL 2. 63366 06595,True,COL 3. 83830 34528,COL 3. 83830 34528,True,True,
base64decoded - 2026-01-21T154223.919.png,COL 1. 16189 17608,COL 1. 16189 17608,True,COL 2. 41667 56315,COL 2. 41667 56315,True,COL 3. 86800 46054,COL 3. 86800 46054,True,True,
236.jpeg,COL 1. 79359 35404,COL 1. 79359 35404,True,COL 2. 93369 03584,COL 2. 93369 03584,True,COL 3. 83836 37461,COL 3. 83836 37461,True,True,
base64decoded - 2026-01-21T155135.858.png,COL 1. 36526 63396,COL 1. 36526 63396,True,COL 2. 81460 66555,COL 2. 81460 66555,True,COL 3. 64860 16071,COL 3. 64860 16071,True,True,
base64decoded - 2026-01-21T160712.184.png,COL 1. 51586 17160,COL 1. 51586 17160,True,COL 2. 31130 03560,COL 2. 31130 03560,True,COL 3. 61543 17546,COL 3. 61543 17546,True,True,
base64decoded (17).png,COL 1. 81656 93353,COL 1. 81656 93353,True,COL 2. 46337 03894,COL 2. 46337 03894,True,COL 3. 53533 07310,COL 3. 53533 07310,True,True,
base64decoded - 2026-01-21T155418.210.png,COL 1. 91347 75596,COL 1. 91347 75596,True,COL 2. 71017 31322,COL 2. 71017 31322,True,COL 3. 00581 44081,COL 3. 00581 44081,True,True,
176.png,COL 1. 92532 56115,COL 1. 92532 56115,True,COL 2. 31016 21553,COL 2. 31016 21553,True,COL 3. 90394 71760,COL 3. 90394 71760,True,True,
88.png,COL 1. 40855 82840,COL 1. 40855 82840,True,COL 2. 44347 04898,COL 2. 44347 04898,True,COL 3. 63836 67654,COL 3. 63836 67654,True,True,
162.png,COL 1. 78815 75344,COL 1. 78815 75344,True,COL 2. 74007 30823,COL 2. 74007 30823,True,COL 3. 60389 69655,COL 3. 60389 69655,True,True,
189.png,COL 1. 87402 79102,COL 1. 87402 79102,True,COL 2. 70019 61477,COL 2. 70019 61477,True,COL 3. 30752 85114,COL 3. 30752 85114,True,True,
77.png,COL 1. 30360 89717,COL 1. 30360 89717,True,COL 2. 41112 61347,COL 2. 41112 61347,True,COL 3. 01722 44029,COL 3. 01722 44029,True,True,
10.jpeg,COL 1. 15869 47453,COL 1. 15869 47453,True,COL 2. 66601 50814,COL 2. 66601 50814,True,COL 3. 56408 09133,COL 3. 56408 09133,True,True,
base64decoded (40).png,COL 1. 22813 86083,COL 1. 22813 86083,True,COL 2. 44005 20850,COL 2. 44005 20850,True,COL 3. 10595 67274,COL 3. 10595 67274,True,True,
base64decoded - 2026-01-21T163655.202.png,COL 1. 73159 95093,COL 1. 73159 95093,True,COL 2. 81039 60571,COL 2. 81039 60571,True,COL 3. 90359 75208,COL 3. 90359 75208,True,True,
base64decoded (56).png,COL 1. 54576 46056,COL 1. 54576 46056,True,COL 2. 21104 60540,COL 2. 21104 60540,True,COL 3. 91525 72332,COL 3. 91525 72332,True,True,
228.png,COL 1. 76502 72117,COL 1. 76502 72117,True,COL 2. 71317 01590,COL 2. 71317 01590,True,COL 3. 93537 17960,COL 3. 93537 17960,True,True,
35.jfif,COL 1. 43563 09196,COL 1. 43563 09196,True,COL 2. 51134 63543,COL 2. 51134 63543,True,COL 3. 91523 14778,COL 3. 91523 14778,True,True,
200.png,COL 1. 57574 89158,COL 1. 57574 89158,True,COL 2. 53116 61540,COL 2. 53116 61540,True,COL 3. 41324 35728,COL 3. 41324 35728,True,True,
214.png,COL 1. 43524 46312,COL 1. 43524 46312,True,COL 2. 53009 20552,COL 2. 53009 20552,True,COL 3. 90399 36580,COL 3. 90399 36580,True,True,
base64decoded - 2026-01-21T163611.764.png,COL 1. 21782 74499,COL 1. 21782 74499,True,COL 2. 71176 91777,COL 2. 71176 91777,True,COL 3. 61772 21132,COL 3. 61772 21132,True,True,
base64decoded - 2026-01-21T161119.943.png,COL 1. 29139 92614,COL 1. 29139 92614,True,COL 2. 91060 26556,COL 2. 91060 26556,True,COL 3. 90890 18093,COL 3. 90890 18093,True,True,
109.jpeg,COL 1. 91350 89704,COL 1. 91350 89704,True,COL 2. 81012 61378,COL 2. 81012 61378,True,COL 3. 00752 47274,COL 3. 00752 47274,True,True,
base64decoded - 2026-01-21T154459.501.png,COL 1. 19349 99337,COL 1. 19349 99337,True,COL 2. 50035 63373,COL 2. 50035 63373,True,COL 3. 20553 98451,COL 3. 20553 98451,True,True,
base64decoded - 2026-01-21T155111.426.png,COL 1. 43806 36732,COL 1. 43806 36732,True,COL 2. 04012 21859,COL 2. 04012 21859,True,COL 3. 90597 60015,COL 3. 90597 60015,True,True,
base64decoded - 2026-01-21T163934.501.jfif,COL 1. 92189 38406,COL 1. 92189 38406,True,COL 2. 01480 64350,COL 2. 01480 64350,True,COL 3. 04866 49630,COL 3. 04866 49630,True,True,
base64decoded - 2026-01-21T164224.249.jfif,COL 1. 10152 66176,COL 1. 10152 66176,True,COL 2. 51056 61779,COL 2. 51056 61779,True,COL 3. 80557 25618,COL 3. 80557 25618,True,True,
base64decoded - 2026-01-21T154157.558.png,COL 1. 47304 04703,COL 1. 47304 04703,True,COL 2. 10116 91371,COL 2. 10116 91371,True,COL 3. 21772 94353,COL 3. 21772 94353,True,True,
116.jfif,COL 1. 09387 97550,COL 1. 09387 97550,True,COL 2. 81142 04368,COL 2. 81142 04368,True,COL 3. 01846 40912,COL 3. 01846 40912,True,True,
base64decoded - 2026-01-21T160523.379.png,COL 1. 99329 06758,COL 1. 99329 06758,True,COL 2. 71018 21359,COL 2. 71018 21359,True,COL 3. 20597 43097,COL 3. 20597 43097,True,True,
base64decoded - 2026-01-21T160732.075.png,COL 1. 60389 43594,COL 1. 60389 43594,True,COL 2. 60436 63354,COL 2. 60436 63354,True,COL 3. 24563 95206,COL 3. 24563 95206,True,True,
215.png,COL 1. 84823 89896,COL 1. 84823 89896,True,COL 2. 46060 66875,COL 2. 46060 66875,True,COL 3. 30850 06063,COL 3. 30850 06063,True,True,
base64decoded - 2026-01-21T154929.764.png,COL 1. 15547 47114,COL 1. 15547 47114,True,COL 2. 81614 51519,COL 2. 81614 51519,True,COL 3. 36507 78317,COL 3. 36507 78317,True,True,
201.png,COL 1. 32556 14583,COL 1. 32556 14583,True,COL 2. 61137 93573,COL 2. 61137 93573,True,COL 3. 61573 15015,COL 3. 61573 15015,True,True,
base64decoded (95).png,COL 1. 40833 02893,COL 1. 40833 02893,True,COL 2. 86367 06895,COL 2. 86367 06895,True,COL 3. 23830 09175,COL 3. 23830 09175,True,True,
base64decoded - 2026-01-21T151955.118.png,COL 1. 70837 82598,COL 1. 70837 82598,True,COL 2. 04303 00890,COL 2. 04303 00890,True,COL 3. 23535 68883,COL 3. 23535 68883,True,True,
19.jfif,COL 1. 49546 33311,COL 1. 49546 33311,True,COL 2. 61437 63554,COL 2. 61437 63554,True,COL 3. 94563 77018,COL 3. 94563 77018,True,True,
base64decoded - 2026-01-21T154638.872.png,COL 1. 79150 38691,COL 1. 79150 38691,True,COL 2. 01160 96546,COL 2. 01160 96546,True,COL 3. 91810 17538,COL 3. 91810 17538,True,True,
base64decoded - 2026-01-21T160906.390.png,COL 1. 14352 52031,COL 1. 14352 52031,True,COL 2. 21307 00394,COL 2. 21307 00394,True,COL 3. 03535 42351,COL 3. 03535 42351,True,True,
base64decoded - 2026-01-21T154308.966.png,COL 1. 48177 49466,COL 1. 48177 49466,True,COL 2. 81149 64748,COL 2. 81149 64748,True,COL 3. 61826 20675,COL 3. 61826 20675,True,True,
base64decoded - 2026-01-21T153536.686.png,COL 1. 59538 73482,COL 1. 59538 73482,True,COL 2. 80019 21558,COL 2. 80019 21558,True,COL 3. 60792 52198,COL 3. 60792 52198,True,True,
base64decoded - 2026-01-21T164046.945.jfif,COL 1. 77584 89886,COL 1. 77584 89886,True,COL 2. 81159 61549,COL 2. 81159 61549,True,COL 3. 51521 70856,COL 3. 51521 70856,True,True,
62.png,COL 1. 46050 30626,COL 1. 46050 30626,True,COL 2. 30065 66375,COL 2. 30065 66375,True,COL 3. 40850 94125,COL 3. 40850 94125,True,True,
76.png,COL 1. 59649 53450,COL 1. 59649 53450,True,COL 2. 26040 34826,COL 2. 26040 34826,True,COL 3. 90886 07193,COL 3. 90886 07193,True,True,
163.png,COL 1. 35723 00752,COL 1. 35723 00752,True,COL 2. 51102 90745,COL 2. 51102 90745,True,COL 3. 01515 29434,COL 3. 01515 29434,True,True,
base64decoded - 2026-01-21T161240.214.jpg,COL 1. 96515 53604,COL 1. 96515 53604,True,COL 2. 50469 66556,COL 2. 50469 66556,True,COL 3. 64860 58137,COL 3. 64860 58137,True,True,
177.png,COL 1. 49153 80103,COL 1. 49153 80103,True,COL 2. 01112 91341,COL 2. 01112 91341,True,COL 3. 51712 47964,COL 3. 51712 47964,True,True,
89.png,COL 1. 31501 16122,COL 1. 31501 16122,True,COL 2. 43066 26556,COL 2. 43066 26556,True,COL 3. 00890 31407,COL 3. 00890 31407,True,True,
361.png,COL 1. 13491 34121,COL 1. 13491 34121,True,COL 2. 70119 91471,COL 2. 70119 91471,True,COL 3. 31577 89459,COL 3. 31577 89459,True,True,
375.png,COL 1. 01448 09165,COL 1. 01448 09165,True,COL 2. 94017 31822,COL 2. 94017 31822,True,COL 3. 60581 61390,COL 3. 60581 61390,True,True,
base64decoded - 2026-01-21T152437.129.png,COL 1. 67142 69190,COL 1. 67142 69190,True,COL 2. 41010 31521,COL 2. 41010 31521,True,COL 3. 90384 15379,COL 3. 90384 15379,True,True,
base64decoded (83).png,COL 1. 07450 59109,COL 1. 07450 59109,True,COL 2. 20115 91441,COL 2. 20115 91441,True,COL 3. 31314 81051,COL 3. 31314 81051,True,True,
base64decoded - 2026-01-21T154538.098.png,COL 1. 70079 54067,COL 1. 70079 54067,True,COL 2. 20109 60540,COL 2. 20109 60540,True,COL 3. 21428 51177,COL 3. 21428 51177,True,True,
base64decoded - 2026-01-21T162150.212.png,COL 1. 02785 49066,COL 1. 02785 49066,True,COL 2. 31136 60742,COL 2. 31136 60742,True,COL 3. 71329 28192,COL 3. 71329 28192,True,True,
349.png,COL 1. 45595 94818,COL 1. 45595 94818,True,COL 2. 73146 94574,COL 2. 73146 94574,True,COL 3. 81876 30682,COL 3. 81876 30682,True,True,
base64decoded - 2026-01-21T161251.655.jpeg,COL 1. 76305 83256,COL 1. 76305 83256,True,COL 2. 61407 60351,COL 2. 61407 60351,True,COL 3. 04468 44954,COL 3. 04468 44954,True,True,
base64decoded - 2026-01-21T154647.476.png,COL 1. 66519 69351,COL 1. 66519 69351,True,COL 2. 53132 63543,COL 2. 53132 63543,True,COL 3. 01523 33885,COL 3. 01523 33885,True,True,
363.png,COL 1. 45586 95075,COL 1. 45586 95075,True,COL 2. 70603 50510,COL 2. 70603 50510,True,COL 3. 26505 54541,COL 3. 26505 54541,True,True,
377.png,COL 1. 16843 85173,COL 1. 16843 85173,True,COL 2. 36060 36822,COL 2. 36060 36822,True,COL 3. 50880 07651,COL 3. 50880 07651,True,True,
base64decoded - 2026-01-21T164028.507.jfif,COL 1. 76310 30159,COL 1. 76310 30159,True,COL 2. 00172 91346,COL 2. 00172 91346,True,COL 3. 71712 93386,COL 3. 71712 93386,True,True,
base64decoded - 2026-01-21T161154.835.jpg,COL 1. 74554 20052,COL 1. 74554 20052,True,COL 2. 71100 90541,COL 2. 71100 90541,True,COL 3. 91319 12463,COL 3. 91319 12463,True,True,
388.png,COL 1. 36856 09594,COL 1. 36856 09594,True,COL 2. 64017 61872,COL 2. 64017 61872,True,COL 3. 60551 62546,COL 3. 60551 62546,True,True,
base64decoded - 2026-01-21T161346.108.jpeg,COL 1. 12865 49435,COL 1. 12865 49435,True,COL 2. 84013 61872,COL 2. 84013 61872,True,COL 3. 60551 62242,COL 3. 60551 62242,True,True,
base64decoded - 2026-01-21T161954.232.png,COL 1. 41883 87470,COL 1. 41883 87470,True,COL 2. 56100 00860,COL 2. 56100 00860,True,COL 3. 51545 05181,COL 3. 51545 05181,True,True,
base64decoded - 2026-01-21T164136.780.jpeg,COL 1. 92651 81058,COL 1. 92651 81058,True,COL 2. 06055 60874,COL 2. 06055 60874,True,COL 3. 50555 00734,COL 3. 50555 00734,True,True,
149.png,COL 1. 28530 44031,COL 1. 28530 44031,True,COL 2. 53108 90574,COL 2. 53108 90574,True,COL 3. 01575 36953,COL 3. 01575 36953,True,True,
161.png,COL 1. 06310 56602,COL 1. 06310 56602,True,COL 2. 11002 20353,COL 2. 11002 20353,True,COL 3. 90498 44299,COL 3. 90498 44299,True,True,
base64decoded - 2026-01-21T161434.361.jpeg,COL 1. 83518 05314,COL 1. 83518 05314,True,COL 2. 73002 30520,COL 2. 73002 30520,True,COL 3. 00389 31900,COL 3. 00389 31900,True,True,
175.png,COL 1. 94512 77580,COL 1. 94512 77580,True,COL 2. 31107 00564,COL 2. 31107 00564,True,COL 3. 91545 18858,COL 3. 91545 18858,True,True,
base64decoded - 2026-01-21T160532.578.png,COL 1. 91503 35583,COL 1. 91503 35583,True,COL 2. 51010 31521,COL 2. 51010 31521,True,COL 3. 90587 12651,COL 3. 90587 12651,True,True,
base64decoded - 2026-01-21T152403.004.png,COL 1. 56513 63654,COL 1. 56513 63654,True,COL 2. 41464 66552,COL 2. 41464 66552,True,COL 3. 94860 76826,COL 3. 94860 76826,True,True,
48.png,COL 1. 72786 79178,COL 1. 72786 79178,True,COL 2. 51014 61777,COL 2. 51014 61777,True,COL 3. 60752 22055,COL 3. 60752 22055,True,True,
base64decoded - 2026-01-21T163619.365.png,COL 1. 56507 74057,COL 1. 56507 74057,True,COL 2. 51159 90576,COL 2. 51159 90576,True,COL 3. 61575 11237,COL 3. 61575 11237,True,True,
base64decoded - 2026-01-21T163741.450.png,COL 1. 70327 57776,COL 1. 70327 57776,True,COL 2. 01612 51319,COL 2. 01612 51319,True,COL 3. 46507 43988,COL 3. 46507 43988,True,True,
base64decoded - 2026-01-21T160124.627.png,COL 1. 86572 29156,COL 1. 86572 29156,True,COL 2. 81114 61549,COL 2. 81114 61549,True,COL 3. 81527 74584,COL 3. 81527 74584,True,True,
217.png,COL 1. 75556 91449,COL 1. 75556 91449,True,COL 2. 41147 94574,COL 2. 41147 94574,True,COL 3. 74876 16412,COL 3. 74876 16412,True,True,
203.png,COL 1. 33519 64275,COL 1. 33519 64275,True,COL 2. 63106 90571,COL 2. 63106 90571,True,COL 3. 01478 36186,COL 3. 01478 36186,True,True,
base64decoded - 2026-01-21T160249.457.png,COL 1. 59327 00111,COL 1. 59327 00111,True,COL 2. 81117 91345,COL 2. 81117 91345,True,COL 3. 01511 49473,COL 3. 01511 49473,True,True,
base64decoded - 2026-01-21T161630.380.png,COL 1. 65585 17493,COL 1. 65585 17493,True,COL 2. 11106 00562,COL 2. 11106 00562,True,COL 3. 71349 71438,COL 3. 71349 71438,True,True,
base64decoded - 2026-01-21T154612.897.png,COL 1. 47507 64050,COL 1. 47507 64050,True,COL 2. 30109 90570,COL 2. 30109 90570,True,COL 3. 61575 58979,COL 3. 61575 58979,True,True,
base64decoded - 2026-01-21T161830.610.png,COL 1. 60362 30229,COL 1. 60362 30229,True,COL 2. 00152 90346,COL 2. 00152 90346,True,COL 3. 51515 96165,COL 3. 51515 96165,True,True,
base64decoded (99).png,COL 1. 23524 27155,COL 1. 23524 27155,True,COL 2. 41610 51516,COL 2. 41610 51516,True,COL 3. 76702 15656,COL 3. 76702 15656,True,True,
202.png,COL 1. 15542 86059,COL 1. 15542 86059,True,COL 2. 51006 20554,COL 2. 51006 20554,True,COL 3. 90595 71387,COL 3. 90595 71387,True,True,
216.png,COL 1. 37332 62032,COL 1. 37332 62032,True,COL 2. 50008 20350,COL 2. 50008 20350,True,COL 3. 40399 93278,COL 3. 40399 93278,True,True,
base64decoded (21).png,COL 1. 43632 91151,COL 1. 43632 91151,True,COL 2. 86117 01861,COL 2. 86117 01861,True,COL 3. 51742 09741,COL 3. 51742 09741,True,True,
base64decoded - 2026-01-21T154745.908.png,COL 1. 05418 90573,COL 1. 05418 90573,True,COL 2. 40105 90441,COL 2. 40105 90441,True,COL 3. 31319 82231,COL 3. 31319 82231,True,True,
base64decoded - 2026-01-21T155006.765.png,COL 1. 08581 52173,COL 1. 08581 52173,True,COL 2. 63362 06592,COL 2. 63362 06592,True,COL 3. 03830 38660,COL 3. 03830 38660,True,True,
49.png,COL 1. 50503 03016,COL 1. 50503 03016,True,COL 2. 11407 60556,COL 2. 11407 60556,True,COL 3. 84565 70164,COL 3. 84565 70164,True,True,
base64decoded (37).png,COL 1. 54895 14057,COL 1. 54895 14057,True,COL 2. 76107 90873,COL 2. 76107 90873,True,COL 3. 51379 03271,COL 3. 51379 03271,True,True,
61.png,COL 1. 15389 69036,COL 1. 15389 69036,True,COL 2. 70105 60340,COL 2. 70105 60340,True,COL 3. 21329 95246,COL 3. 21329 95246,True,True,
base64decoded - 2026-01-21T161925.910.png,COL 1. 55337 02139,COL 1. 55337 02139,True,COL 2. 91317 01395,COL 2. 91317 01395,True,COL 3. 03537 45531,COL 3. 03537 45531,True,True,
174.png,COL 1. 48506 39152,COL 1. 48506 39152,True,COL 2. 81016 61570,COL 2. 81016 61570,True,COL 3. 90557 70445,COL 3. 90557 70445,True,True,
160.png,COL 1. 36428 80889,COL 1. 36428 80889,True,COL 2. 60162 96442,COL 2. 60162 96442,True,COL 3. 31810 88560,COL 3. 31810 88560,True,True,
148.png,COL 1. 00519 19986,COL 1. 00519 19986,True,COL 2. 70133 63540,COL 2. 70133 63540,True,COL 3. 21523 59826,COL 3. 21523 59826,True,True,
base64decoded (60).png,COL 1. 07827 70162,COL 1. 07827 70162,True,COL 2. 44113 91841,COL 2. 44113 91841,True,COL 3. 11517 61793,COL 3. 11517 61793,True,True,
base64decoded - 2026-01-21T163806.856.png,COL 1. 54467 60539,COL 1. 54467 60539,True,COL 2. 00153 90444,COL 2. 00153 90444,True,COL 3. 31515 80293,COL 3. 31515 80293,True,True,
base64decoded - 2026-01-21T151930.173.png,COL 1. 97587 97158,COL 1. 97587 97158,True,COL 2. 41614 51510,COL 2. 41614 51510,True,COL 3. 86304 72342,COL 3. 86304 72342,True,True,
389.png,COL 1. 10334 32598,COL 1. 10334 32598,True,COL 2. 20318 01391,COL 2. 20318 01391,True,COL 3. 23531 93514,COL 3. 23531 93514,True,True,
base64decoded - 2026-01-21T162203.677.jpg,COL 1. 98139 71067,COL 1. 98139 71067,True,COL 2. 11036 20750,COL 2. 11036 20750,True,COL 3. 00399 20914,COL 3. 00399 20914,True,True,
base64decoded - 2026-01-21T163759.127.png,COL 1. 52565 67725,COL 1. 52565 67725,True,COL 2. 40646 50510,COL 2. 40646 50510,True,COL 3. 56408 51284,COL 3. 56408 51284,True,True,
base64decoded - 2026-01-21T151826.586.png,COL 1. 68536 40861,COL 1. 68536 40861,True,COL 2. 60169 96542,COL 2. 60169 96542,True,COL 3. 61810 54863,COL 3. 61810 54863,True,True,
376.png,COL 1. 16519 57355,COL 1. 16519 57355,True,COL 2. 41134 03560,COL 2. 41134 03560,True,COL 3. 41543 17828,COL 3. 41543 17828,True,True,
362.png,COL 1. 92761 59752,COL 1. 92761 59752,True,COL 2. 61112 61740,COL 2. 61112 61740,True,COL 3. 61527 23164,COL 3. 61527 23164,True,True,
366.png,COL 1. 77309 56495,COL 1. 77309 56495,True,COL 2. 01002 20354,COL 2. 01002 20354,True,COL 3. 40498 48702,COL 3. 40498 48702,True,True,
372.png,COL 1. 19748 52530,COL 1. 19748 52530,True,COL 2. 71312 01791,COL 2. 71312 01791,True,COL 3. 63537 28938,COL 3. 63537 28938,True,True,
base64decoded (61).png,COL 1. 90518 99153,COL 1. 90518 99153,True,COL 2. 60119 61540,COL 2. 60119 61540,True,COL 3. 61527 50527,COL 3. 61527 50527,True,True,
base64decoded - 2026-01-21T154129.948.png,COL 1. 53752 37663,COL 1. 53752 37663,True,COL 2. 91109 00764,COL 2. 91109 00764,True,COL 3. 61448 28773,COL 3. 61448 28773,True,True,
base64decoded - 2026-01-21T153402.478.png,COL 1. 12846 05186,COL 1. 12846 05186,True,COL 2. 86017 31823,COL 2. 86017 31823,True,COL 3. 30384 08243,COL 3. 30384 08243,True,True,
base64decoded - 2026-01-21T160637.829.png,COL 1. 11319 30036,COL 1. 11319 30036,True,COL 2. 30106 90340,COL 2. 30106 90340,True,COL 3. 01319 90074,COL 3. 01319 90074,True,True,
base64decoded - 2026-01-21T153002.366.png,COL 1. 88509 12573,COL 1. 88509 12573,True,COL 2. 13304 00592,COL 2. 13304 00592,True,COL 3. 83339 32676,COL 3. 83339 32676,True,True,
164.png,COL 1. 42502 69512,COL 1. 42502 69512,True,COL 2. 71007 60570,COL 2. 71007 60570,True,COL 3. 69555 18312,COL 3. 69555 18312,True,True,
170.png,COL 1. 34522 10165,COL 1. 34522 10165,True,COL 2. 10113 91540,COL 2. 10113 91540,True,COL 3. 61517 51273,COL 3. 61517 51273,True,True,
158.png,COL 1. 42868 40166,COL 1. 42868 40166,True,COL 2. 94117 91849,COL 2. 94117 91849,True,COL 3. 01517 65160,COL 3. 01517 65160,True,True,
59.png,COL 1. 00715 26463,COL 1. 00715 26463,True,COL 2. 71002 20753,COL 2. 71002 20753,True,COL 3. 00399 29596,COL 3. 00399 29596,True,True,
base64decoded (36).png,COL 1. 95379 25011,COL 1. 95379 25011,True,COL 2. 61007 30320,COL 2. 61007 30320,True,COL 3. 40488 47793,COL 3. 40488 47793,True,True,
71.png,COL 1. 20886 37158,COL 1. 20886 37158,True,COL 2. 54117 01861,COL 2. 54117 01861,True,COL 3. 61547 62272,COL 3. 61547 62272,True,True,
base64decoded - 2026-01-21T160437.842.png,COL 1. 14540 43655,COL 1. 14540 43655,True,COL 2. 23462 66556,COL 2. 23462 66556,True,COL 3. 04860 33179,COL 3. 04860 33179,True,True,
base64decoded (20).png,COL 1. 28157 90100,COL 1. 28157 90100,True,COL 2. 21017 61372,COL 2. 21017 61372,True,COL 3. 00551 48537,COL 3. 00551 48537,True,True,
212.png,COL 1. 29528 13518,COL 1. 29528 13518,True,COL 2. 90434 63554,COL 2. 90434 63554,True,COL 3. 64563 57880,COL 3. 64563 57880,True,True,
base64decoded - 2026-01-21T153638.184.png,COL 1. 39189 72497,COL 1. 39189 72497,True,COL 2. 61444 64554,COL 2. 61444 64554,True,COL 3. 84866 74997,COL 3. 84866 74997,True,True,
206.png,COL 1. 49503 66774,COL 1. 49503 66774,True,COL 2. 03006 20550,COL 2. 03006 20550,True,COL 3. 00595 31456,COL 3. 00595 31456,True,True,
base64decoded - 2026-01-21T161944.425.png,COL 1. 26853 76060,COL 1. 26853 76060,True,COL 2. 66045 60870,COL 2. 66045 60870,True,COL 3. 80458 01932,COL 3. 80458 01932,True,True,
base64decoded - 2026-01-21T155050.921.png,COL 1. 94777 25110,COL 1. 94777 25110,True,COL 2. 61019 31729,COL 2. 61019 31729,True,COL 3. 00587 29687,COL 3. 00587 29687,True,True,
base64decoded (77).png,COL 1. 25586 52673,COL 1. 25586 52673,True,COL 2. 03312 01598,COL 2. 03312 01598,True,COL 3. 03334 31276,COL 3. 03334 31276,True,True,
base64decoded (98).png,COL 1. 38385 24399,COL 1. 38385 24399,True,COL 2. 01107 90370,COL 2. 01107 90370,True,COL 3. 41379 44630,COL 3. 41379 44630,True,True,
base64decoded - 2026-01-21T160943.582.png,COL 1. 73519 97054,COL 1. 73519 97054,True,COL 2. 10109 00564,COL 2. 10109 00564,True,COL 3. 61448 55438,COL 3. 61448 55438,True,True,
base64decoded - 2026-01-21T161733.634.png,COL 1. 73719 96757,COL 1. 73719 96757,True,COL 2. 51056 21751,COL 2. 51056 21751,True,COL 3. 60597 29933,COL 3. 60597 29933,True,True,
207.png,COL 1. 21885 37680,COL 1. 21885 37680,True,COL 2. 06160 06868,COL 2. 06160 06868,True,COL 3. 51840 03151,COL 3. 51840 03151,True,True,
213.png,COL 1. 46760 29068,COL 1. 46760 29068,True,COL 2. 01102 60744,COL 2. 01102 60744,True,COL 3. 61428 21394,COL 3. 61428 21394,True,True,
base64decoded - 2026-01-21T155231.334.png,COL 1. 78702 83956,COL 1. 78702 83956,True,COL 2. 81439 63754,COL 2. 81439 63754,True,COL 3. 64563 26928,COL 3. 64563 26928,True,True,
base64decoded - 2026-01-21T161130.848.png,COL 1. 86303 75753,COL 1. 86303 75753,True,COL 2. 41007 30326,COL 2. 41007 30326,True,COL 3. 40585 49146,COL 3. 40585 49146,True,True,
base64decoded - 2026-01-21T161327.692.jpeg,COL 1. 27514 34320,COL 1. 27514 34320,True,COL 2. 81104 90570,COL 2. 81104 90570,True,COL 3. 81379 78414,COL 3. 81379 78414,True,True,
base64decoded - 2026-01-21T161645.501.png,COL 1. 40321 96957,COL 1. 40321 96957,True,COL 2. 71037 23353,COL 2. 71037 23353,True,COL 3. 00593 44055,COL 3. 00593 44055,True,True,
70.png,COL 1. 22598 90981,COL 1. 22598 90981,True,COL 2. 00133 93544,COL 2. 00133 93544,True,COL 3. 61513 57055,COL 3. 61513 57055,True,True,
base64decoded (1).png,COL 1. 68333 02894,COL 1. 68333 02894,True,COL 2. 21348 04398,COL 2. 21348 04398,True,COL 3. 43836 49788,COL 3. 43836 49788,True,True,
58.png,COL 1. 25456 27305,COL 1. 25456 27305,True,COL 2. 20612 51410,COL 2. 20612 51410,True,COL 3. 66304 85052,COL 3. 66304 85052,True,True,
base64decoded - 2026-01-21T160827.406.png,COL 1. 04446 73145,COL 1. 04446 73145,True,COL 2. 30415 61455,COL 2. 30415 61455,True,COL 3. 64567 82231,COL 3. 64567 82231,True,True,
159.png,COL 1. 68507 53198,COL 1. 68507 53198,True,COL 2. 21417 61551,COL 2. 21417 61551,True,COL 3. 94762 17378,COL 3. 94762 17378,True,True,
171.png,COL 1. 68576 36864,COL 1. 68576 36864,True,COL 2. 41007 20556,COL 2. 41007 20556,True,COL 3. 30595 14540,COL 3. 30595 14540,True,True,
base64decoded - 2026-01-21T152941.656.png,COL 1. 10534 42150,COL 1. 10534 42150,True,COL 2. 53312 01591,COL 2. 53312 01591,True,COL 3. 83334 39732,COL 3. 83334 39732,True,True,
165.png,COL 1. 93037 34465,COL 1. 93037 34465,True,COL 2. 10143 04568,COL 2. 10143 04568,True,COL 3. 61846 54115,COL 3. 61846 54115,True,True,
base64decoded - 2026-01-21T160047.731.png,COL 1. 42501 07190,COL 1. 42501 07190,True,COL 2. 83112 01561,COL 2. 83112 01561,True,COL 3. 01344 31521,COL 3. 01344 31521,True,True,
base64decoded - 2026-01-21T154148.929.png,COL 1. 23541 79656,COL 1. 23541 79656,True,COL 2. 81064 66572,COL 2. 81064 66572,True,COL 3. 90850 77431,COL 3. 90850 77431,True,True,
base64decoded - 2026-01-21T162457.844.png,COL 1. 40818 23861,COL 1. 40818 23861,True,COL 2. 34456 63855,COL 2. 34456 63855,True,COL 3. 64563 67350,COL 3. 64563 67350,True,True,
base64decoded - 2026-01-21T155248.839.png,COL 1. 53860 93684,COL 1. 53860 93684,True,COL 2. 56467 66855,COL 2. 56467 66855,True,COL 3. 84860 08506,COL 3. 84860 08506,True,True,
base64decoded - 2026-01-21T160512.711.png,COL 1. 86448 27060,COL 1. 86448 27060,True,COL 2. 54003 30823,COL 2. 54003 30823,True,COL 3. 10488 65890,COL 3. 10488 65890,True,True,
373.png,COL 1. 76338 65104,COL 1. 76338 65104,True,COL 2. 01012 31326,COL 2. 01012 31326,True,COL 3. 40782 42541,COL 3. 40782 42541,True,True,
367.png,COL 1. 37538 66493,COL 1. 37538 66493,True,COL 2. 11006 20550,COL 2. 11006 20550,True,COL 3. 80399 73359,COL 3. 80399 73359,True,True,
371.png,COL 1. 61567 97153,COL 1. 61567 97153,True,COL 2. 83616 51511,COL 2. 83616 51511,True,COL 3. 46501 32447,COL 3. 46501 32447,True,True,
365.png,COL 1. 81510 44156,COL 1. 81510 44156,True,COL 2. 31116 91571,COL 2. 31116 91571,True,COL 3. 51772 72824,COL 3. 51772 72824,True,True,
base64decoded (82).png,COL 1. 48303 89631,COL 1. 48303 89631,True,COL 2. 30168 66348,COL 2. 30168 66348,True,COL 3. 21820 94697,COL 3. 21820 94697,True,True,
base64decoded - 2026-01-21T154022.392.png,COL 1. 08189 08011,COL 1. 08189 08011,True,COL 2. 71407 60351,COL 2. 71407 60351,True,COL 3. 04369 49062,COL 3. 04369 49062,True,True,
72.jpg,COL 1. 03651 38353,COL 1. 03651 38353,True,COL 2. 56130 93844,COL 2. 56130 93844,True,COL 3. 51513 07750,COL 3. 51513 07750,True,True,
base64decoded - 2026-01-21T154546.333.png,COL 1. 98718 80074,COL 1. 98718 80074,True,COL 2. 91109 90740,COL 2. 91109 90740,True,COL 3. 61319 20113,COL 3. 61319 20113,True,True,
359.png,COL 1. 66131 66363,COL 1. 66131 66363,True,COL 2. 81132 03763,COL 2. 81132 03763,True,COL 3. 61543 24468,COL 3. 61543 24468,True,True,
base64decoded - 2026-01-21T151752.547.png,COL 1. 99316 19008,COL 1. 99316 19008,True,COL 2. 40108 60344,COL 2. 40108 60344,True,COL 3. 21428 94577,COL 3. 21428 94577,True,True,
1.jpeg,COL 1. 15355 50899,COL 1. 15355 50899,True,COL 2. 01146 94344,COL 2. 01146 94344,True,COL 3. 01816 44947,COL 3. 01816 44947,True,True,
173.png,COL 1. 19379 82596,COL 1. 19379 82596,True,COL 2. 90311 01392,COL 2. 90311 01392,True,COL 3. 23531 95677,COL 3. 23531 95677,True,True,
167.png,COL 1. 46549 29452,COL 1. 46549 29452,True,COL 2. 43046 64574,COL 2. 43046 64574,True,COL 3. 80856 30409,COL 3. 80856 30409,True,True,
99.png,COL 1. 62152 51118,COL 1. 62152 51118,True,COL 2. 21117 91578,COL 2. 21117 91578,True,COL 3. 91374 16926,COL 3. 91374 16926,True,True,
198.png,COL 1. 53562 37153,COL 1. 53562 37153,True,COL 2. 11616 51516,COL 2. 11616 51516,True,COL 3. 26702 71400,COL 3. 26702 71400,True,True,
66.png,COL 1. 10537 51300,COL 1. 10537 51300,True,COL 2. 40137 03563,COL 2. 40137 03563,True,COL 3. 61543 51424,COL 3. 61543 51424,True,True,
base64decoded - 2026-01-21T161203.087.jpg,COL 1. 76033 18100,COL 1. 76033 18100,True,COL 2. 60016 21356,COL 2. 60016 21356,True,COL 3. 40792 92613,COL 3. 40792 92613,True,True,
18.jfif,COL 1. 16812 49160,COL 1. 16812 49160,True,COL 2. 26111 61848,COL 2. 26111 61848,True,COL 3. 51324 02426,COL 3. 51324 02426,True,True,
base64decoded - 2026-01-21T163553.841.png,COL 1. 93653 32155,COL 1. 93653 32155,True,COL 2. 46117 91846,COL 2. 46117 91846,True,COL 3. 31712 03499,COL 3. 31712 03499,True,True,
base64decoded - 2026-01-21T160426.307.png,COL 1. 25659 17156,COL 1. 25659 17156,True,COL 2. 06317 01891,COL 2. 06317 01891,True,COL 3. 33334 08298,COL 3. 33334 08298,True,True,
211.png,COL 1. 81557 52408,COL 1. 81557 52408,True,COL 2. 43346 04596,COL 2. 43346 04596,True,COL 3. 43836 38905,COL 3. 43836 38905,True,True,
base64decoded (94).png,COL 1. 50528 06594,COL 1. 50528 06594,True,COL 2. 40049 24550,COL 2. 40049 24550,True,COL 3. 60896 59567,COL 3. 60896 59567,True,True,
base64decoded - 2026-01-21T164009.345.jfif,COL 1. 05517 29046,COL 1. 05517 29046,True,COL 2. 71149 60541,COL 2. 71149 60541,True,COL 3. 91428 15805,COL 3. 91428 15805,True,True,
base64decoded - 2026-01-21T160116.011.png,COL 1. 86572 29156,COL 1. 86572 29156,True,COL 2. 81114 61549,COL 2. 81114 61549,True,COL 3. 81527 74584,COL 3. 81527 74584,True,True,
50.jpeg,COL 1. 81787 27018,COL 1. 81787 27018,True,COL 2. 71100 00764,COL 2. 71100 00764,True,COL 3. 61545 25366,COL 3. 61545 25366,True,True,
base64decoded - 2026-01-21T163627.979.png,COL 1. 69846 32745,COL 1. 69846 32745,True,COL 2. 16355 01891,COL 2. 16355 01891,True,COL 3. 03537 04148,COL 3. 03537 04148,True,True,
base64decoded - 2026-01-21T161300.085.jpg,COL 1. 71717 74073,COL 1. 71717 74073,True,COL 2. 41109 90774,COL 2. 41109 90774,True,COL 3. 61575 24457,COL 3. 61575 24457,True,True,
base64decoded - 2026-01-21T153957.873.png,COL 1. 13566 09196,COL 1. 13566 09196,True,COL 2. 01014 61571,COL 2. 01014 61571,True,COL 3. 80551 71098,COL 3. 80551 71098,True,True,
204.png,COL 1. 32404 75386,COL 1. 32404 75386,True,COL 2. 50009 30420,COL 2. 50009 30420,True,COL 3. 30389 86464,COL 3. 30389 86464,True,True,
base64decoded - 2026-01-21T163915.487.jpeg,COL 1. 42354 31639,COL 1. 42354 31639,True,COL 2. 60166 96346,COL 2. 60166 96346,True,COL 3. 21810 91123,COL 3. 21810 91123,True,True,
base64decoded (57).png,COL 1. 43507 76804,COL 1. 43507 76804,True,COL 2. 03042 24550,COL 2. 03042 24550,True,COL 3. 00896 36603,COL 3. 00896 36603,True,True,
base64decoded - 2026-01-21T153248.428.png,COL 1. 28519 24931,COL 1. 28519 24931,True,COL 2. 51134 93570,COL 2. 51134 93570,True,COL 3. 61573 72531,COL 3. 61573 72531,True,True,
199.png,COL 1. 10848 72364,COL 1. 10848 72364,True,COL 2. 06300 00890,COL 2. 06300 00890,True,COL 3. 53339 05932,COL 3. 53339 05932,True,True,
base64decoded - 2026-01-21T164535.581.jpg,COL 1. 85416 14130,COL 1. 85416 14130,True,COL 2. 60133 91470,COL 2. 60133 91470,True,COL 3. 91374 88778,COL 3. 91374 88778,True,True,
67.png,COL 1. 16783 77073,COL 1. 16783 77073,True,COL 2. 41104 00760,COL 2. 41104 00760,True,COL 3. 61545 22420,COL 3. 61545 22420,True,True,
73.png,COL 1. 44830 72790,COL 1. 44830 72790,True,COL 2. 44315 01891,COL 2. 44315 01891,True,COL 3. 53732 65479,COL 3. 53732 65479,True,True,
11.jpeg,COL 1. 87545 03264,COL 1. 87545 03264,True,COL 2. 71444 64556,COL 2. 71444 64556,True,COL 3. 64866 11692,COL 3. 64866 11692,True,True,
base64decoded - 2026-01-21T160559.959.png,COL 1. 19402 22884,COL 1. 19402 22884,True,COL 2. 30366 06495,COL 2. 30366 06495,True,COL 3. 13830 87184,COL 3. 13830 87184,True,True,
base64decoded - 2026-01-21T160916.544.png,COL 1. 67807 76597,COL 1. 67807 76597,True,COL 2. 16017 21851,COL 2. 16017 21851,True,COL 3. 50597 05895,COL 3. 50597 05895,True,True,
base64decoded (41).png,COL 1. 86884 77592,COL 1. 86884 77592,True,COL 2. 44113 01869,COL 2. 44113 01869,True,COL 3. 51541 66849,COL 3. 51541 66849,True,True,
166.png,COL 1. 39407 45870,COL 1. 39407 45870,True,COL 2. 60009 30420,COL 2. 60009 30420,True,COL 3. 30585 89446,COL 3. 30585 89446,True,True,
98.png,COL 1. 69830 27758,COL 1. 69830 27758,True,COL 2. 66110 01868,COL 2. 66110 01868,True,COL 3. 51742 09560,COL 3. 51742 09560,True,True,
base64decoded - 2026-01-21T162431.663.jfif,COL 1. 62812 70422,COL 1. 62812 70422,True,COL 2. 64176 91848,COL 2. 64176 91848,True,COL 3. 61712 62248,COL 3. 61712 62248,True,True,
172.png,COL 1. 21544 62158,COL 1. 21544 62158,True,COL 2. 63319 01591,COL 2. 63319 01591,True,COL 3. 19531 30029,COL 3. 19531 30029,True,True,
base64decoded (16).png,COL 1. 05509 75163,COL 1. 05509 75163,True,COL 2. 40049 34520,COL 2. 40049 34520,True,COL 3. 60886 50797,COL 3. 60886 50797,True,True,
358.png,COL 1. 87856 76160,COL 1. 87856 76160,True,COL 2. 76013 61871,COL 2. 76013 61871,True,COL 3. 30752 08133,COL 3. 30752 08133,True,True,
base64decoded - 2026-01-21T163703.809.png,COL 1. 12050 33632,COL 1. 12050 33632,True,COL 2. 20183 96446,COL 2. 20183 96446,True,COL 3. 61810 87532,COL 3. 61810 87532,True,True,
364.png,COL 1. 19748 52530,COL 1. 19748 52530,True,COL 2. 71312 01791,COL 2. 71312 01791,True,COL 3. 63537 28938,COL 3. 63537 28938,True,True,
370.png,COL 1. 32826 77715,COL 1. 32826 77715,True,COL 2. 34607 50810,COL 2. 34607 50810,True,COL 3. 06309 64758,COL 3. 06309 64758,True,True,
237.jpeg,COL 1. 49516 85513,COL 1. 49516 85513,True,COL 2. 40097 30565,COL 2. 40097 30565,True,COL 3. 60581 57908,COL 3. 60581 57908,True,True,
base64decoded - 2026-01-21T161621.044.png,COL 1. 35488 47831,COL 1. 35488 47831,True,COL 2. 40153 03465,COL 2. 40153 03465,True,COL 3. 41543 88750,COL 3. 41543 88750,True,True,
317.png,COL 1. 02529 77195,COL 1. 02529 77195,True,COL 2. 11616 51510,COL 2. 11616 51510,True,COL 3. 96507 79636,COL 3. 96507 79636,True,True,
base64decoded - 2026-01-21T161447.447.jpeg,COL 1. 09461 20132,COL 1. 09461 20132,True,COL 2. 40173 91441,COL 2. 40173 91441,True,COL 3. 61712 87547,COL 3. 61712 87547,True,True,
303.png,COL 1. 69813 96720,COL 1. 69813 96720,True,COL 2. 64007 20856,COL 2. 64007 20856,True,COL 3. 05595 67526,COL 3. 05595 67526,True,True,
base64decoded - 2026-01-21T161051.620.png,COL 1. 59884 94399,COL 1. 59884 94399,True,COL 2. 06107 90871,COL 2. 06107 90871,True,COL 3. 51379 00652,COL 3. 51379 00652,True,True,
129.png,COL 1. 98829 50739,COL 1. 98829 50739,True,COL 2. 96100 90840,COL 2. 96100 90840,True,COL 3. 31418 02744,COL 3. 31418 02744,True,True,
base64decoded - 2026-01-21T161425.455.jpeg,COL 1. 16340 32474,COL 1. 16340 32474,True,COL 2. 70312 31389,COL 2. 70312 31389,True,COL 3. 43531 92473,COL 3. 43531 92473,True,True,
115.png,COL 1. 53518 33891,COL 1. 53518 33891,True,COL 2. 11416 61555,COL 2. 11416 61555,True,COL 3. 94567 76134,COL 3. 94567 76134,True,True,
base64decoded - 2026-01-21T161100.710.png,COL 1. 96801 06410,COL 1. 96801 06410,True,COL 2. 46047 24858,COL 2. 46047 24858,True,COL 3. 50896 07945,COL 3. 50896 07945,True,True,
101.png,COL 1. 96476 05643,COL 1. 96476 05643,True,COL 2. 00069 36425,COL 2. 00069 36425,True,COL 3. 60880 89364,COL 3. 60880 89364,True,True,
28.png,COL 1. 23863 59893,COL 1. 23863 59893,True,COL 2. 24065 66876,COL 2. 24065 66876,True,COL 3. 10850 67408,COL 3. 10850 67408,True,True,
base64decoded - 2026-01-21T154713.305.png,COL 1. 82861 45573,COL 1. 82861 45573,True,COL 2. 96047 34826,COL 2. 96047 34826,True,COL 3. 20886 01720,COL 3. 20886 01720,True,True,
base64decoded (6).png,COL 1. 49371 16131,COL 1. 49371 16131,True,COL 2. 20016 21352,COL 2. 20016 21352,True,COL 3. 20591 93379,COL 3. 20591 93379,True,True,
base64decoded - 2026-01-21T162440.803.jfif,COL 1. 43325 97335,COL 1. 43325 97335,True,COL 2. 71650 53315,COL 2. 71650 53315,True,COL 3. 06503 48649,COL 3. 06503 48649,True,True,
263.png,COL 1. 04509 39284,COL 1. 04509 39284,True,COL 2. 60003 60570,COL 2. 60003 60570,True,COL 3. 80458 52521,COL 3. 80458 52521,True,True,
277.png,COL 1. 71037 65031,COL 1. 71037 65031,True,COL 2. 50109 00460,COL 2. 50109 00460,True,COL 3. 31545 89581,COL 3. 31545 89581,True,True,
base64decoded - 2026-01-21T154938.298.png,COL 1. 67509 64505,COL 1. 67509 64505,True,COL 2. 50139 93575,COL 2. 50139 93575,True,COL 3. 61573 59637,COL 3. 61573 59637,True,True,
288.png,COL 1. 06357 97023,COL 1. 06357 97023,True,COL 2. 80608 50311,COL 2. 80608 50311,True,COL 3. 26408 96077,COL 3. 26408 96077,True,True,
base64decoded (70).png,COL 1. 04054 79136,COL 1. 04054 79136,True,COL 2. 00019 61472,COL 2. 00019 61472,True,COL 3. 30551 84732,COL 3. 30551 84732,True,True,
base64decoded - 2026-01-21T154655.894.png,COL 1. 61316 29035,COL 1. 61316 29035,True,COL 2. 00106 60342,COL 2. 00106 60342,True,COL 3. 51329 90697,COL 3. 51329 90697,True,True,
197.jpeg,COL 1. 13551 07538,COL 1. 13551 07538,True,COL 2. 71644 54516,COL 2. 71644 54516,True,COL 3. 76806 12505,COL 3. 76806 12505,True,True,
289.png,COL 1. 84585 89414,COL 1. 84585 89414,True,COL 2. 41144 64540,COL 2. 41144 64540,True,COL 3. 91826 12187,COL 3. 91826 12187,True,True,
276.png,COL 1. 63568 73159,COL 1. 63568 73159,True,COL 2. 91416 61551,COL 2. 91416 61551,True,COL 3. 04567 75104,COL 3. 04567 75104,True,True,
base64decoded - 2026-01-21T154015.090.png,COL 1. 76821 77642,COL 1. 76821 77642,True,COL 2. 34663 56818,COL 2. 34663 56818,True,COL 3. 66800 60460,COL 3. 66800 60460,True,True,
base64decoded (27).png,COL 1. 67807 47548,COL 1. 67807 47548,True,COL 2. 86102 00861,COL 2. 86102 00861,True,COL 3. 51349 00162,COL 3. 51349 00162,True,True,
base64decoded - 2026-01-21T160619.691.png,COL 1. 33882 74269,COL 1. 33882 74269,True,COL 2. 54103 90876,COL 2. 54103 90876,True,COL 3. 11575 61291,COL 3. 11575 61291,True,True,
base64decoded - 2026-01-21T153107.998.png,COL 1. 68366 23465,COL 1. 68366 23465,True,COL 2. 81442 64358,COL 2. 81442 64358,True,COL 3. 04866 45918,COL 3. 04866 45918,True,True,
base64decoded - 2026-01-21T162301.177.png,COL 1. 58543 63367,COL 1. 58543 63367,True,COL 2. 00436 61553,COL 2. 00436 61553,True,COL 3. 64364 53303,COL 3. 64364 53303,True,True,
base64decoded (31).png,COL 1. 16587 99527,COL 1. 16587 99527,True,COL 2. 51114 61549,COL 2. 51114 61549,True,COL 3. 81521 77485,COL 3. 81521 77485,True,True,
29.png,COL 1. 09814 54187,COL 1. 09814 54187,True,COL 2. 46111 91878,COL 2. 46111 91878,True,COL 3. 51772 06054,COL 3. 51772 06054,True,True,
base64decoded - 2026-01-21T155034.525.png,COL 1. 13708 74175,COL 1. 13708 74175,True,COL 2. 11119 91771,COL 2. 11119 91771,True,COL 3. 21571 26453,COL 3. 21571 26453,True,True,
210.jpeg,COL 1. 59405 93041,COL 1. 59405 93041,True,COL 2. 80409 60450,COL 2. 80409 60450,True,COL 3. 64369 83232,COL 3. 64369 83232,True,True,
base64decoded - 2026-01-21T164543.932.jpeg,COL 1. 43524 50105,COL 1. 43524 50105,True,COL 2. 23130 91543,COL 2. 23130 91543,True,COL 3. 61314 30170,COL 3. 61314 30170,True,True,
114.png,COL 1. 79404 83046,COL 1. 79404 83046,True,COL 2. 00409 60450,COL 2. 00409 60450,True,COL 3. 34468 88594,COL 3. 34468 88594,True,True,
128.png,COL 1. 04547 97562,COL 1. 04547 97562,True,COL 2. 30603 50510,COL 2. 30603 50510,True,COL 3. 26505 59645,COL 3. 26505 59645,True,True,
100.jpg,COL 1. 24421 97889,COL 1. 24421 97889,True,COL 2. 30669 56415,COL 2. 30669 56415,True,COL 3. 69800 86140,COL 3. 69800 86140,True,True,
base64decoded (66).png,COL 1. 96353 46105,COL 1. 96353 46105,True,COL 2. 93012 61571,COL 2. 93012 61571,True,COL 3. 00752 36595,COL 3. 00752 36595,True,True,
base64decoded (89).png,COL 1. 31501 34816,COL 1. 31501 34816,True,COL 2. 20169 96576,COL 2. 20169 96576,True,COL 3. 21870 54788,COL 3. 21870 54788,True,True,
base64decoded - 2026-01-21T161000.148.png,COL 1. 76181 75662,COL 1. 76181 75662,True,COL 2. 41402 60754,COL 2. 41402 60754,True,COL 3. 64565 20069,COL 3. 64565 20069,True,True,
302.png,COL 1. 44560 27112,COL 1. 44560 27112,True,COL 2. 11617 51511,COL 2. 11617 51511,True,COL 3. 56702 16838,COL 3. 56702 16838,True,True,
316.png,COL 1. 17342 17431,COL 1. 17342 17431,True,COL 2. 11042 34326,COL 2. 11042 34326,True,COL 3. 40886 40898,COL 3. 40886 40898,True,True,
base64decoded - 2026-01-21T163942.880.jpg,COL 1. 28561 29652,COL 1. 28561 29652,True,COL 2. 91089 66578,COL 2. 91089 66578,True,COL 3. 60850 14167,COL 3. 60850 14167,True,True,
base64decoded - 2026-01-21T154250.405.png,COL 1. 72559 37464,COL 1. 72559 37464,True,COL 2. 60649 54516,COL 2. 60649 54516,True,COL 3. 06806 54831,COL 3. 06806 54831,True,True,
328.png,COL 1. 48546 55136,COL 1. 48546 55136,True,COL 2. 33016 31520,COL 2. 33016 31520,True,COL 3. 00587 34500,COL 3. 00587 34500,True,True,
300.png,COL 1. 91057 47464,COL 1. 91057 47464,True,COL 2. 50343 04594,COL 2. 50343 04594,True,COL 3. 63836 57206,COL 3. 63836 57206,True,True,
230.jpeg,COL 1. 32517 37154,COL 1. 32517 37154,True,COL 2. 71195 00542,COL 2. 71195 00542,True,COL 3. 91541 75052,COL 3. 91541 75052,True,True,
314.png,COL 1. 42844 32459,COL 1. 42844 32459,True,COL 2. 26340 04896,COL 2. 26340 04896,True,COL 3. 33836 04207,COL 3. 33836 04207,True,True,
base64decoded - 2026-01-21T162214.127.png,COL 1. 74838 87185,COL 1. 74838 87185,True,COL 2. 74613 51819,COL 2. 74613 51819,True,COL 3. 16507 62900,COL 3. 16507 62900,True,True,
41.jpeg,COL 1. 94338 32308,COL 1. 94338 32308,True,COL 2. 70335 03394,COL 2. 70335 03394,True,COL 3. 23533 91636,COL 3. 23533 91636,True,True,
base64decoded - 2026-01-21T160752.313.png,COL 1. 56585 87826,COL 1. 56585 87826,True,COL 2. 71644 54510,COL 2. 71644 54510,True,COL 3. 96806 72963,COL 3. 96806 72963,True,True,
base64decoded (11).png,COL 1. 10365 67894,COL 1. 10365 67894,True,COL 2. 10646 54318,COL 2. 10646 54318,True,COL 3. 26806 96730,COL 3. 26806 96730,True,True,
base64decoded - 2026-01-21T152013.962.png,COL 1. 20580 99668,COL 1. 20580 99668,True,COL 2. 20169 66542,COL 2. 20169 66542,True,COL 3. 61820 55610,COL 3. 61820 55610,True,True,
102.png,COL 1. 30556 59450,COL 1. 30556 59450,True,COL 2. 51144 64548,COL 2. 51144 64548,True,COL 3. 91826 13568,COL 3. 91826 13568,True,True,
base64decoded - 2026-01-21T163925.327.jpg,COL 1. 37495 14042,COL 1. 37495 14042,True,COL 2. 10133 90473,COL 2. 10133 90473,True,COL 3. 31379 84373,COL 3. 31379 84373,True,True,
base64decoded - 2026-01-21T155744.056.png,COL 1. 16575 36656,COL 1. 16575 36656,True,COL 2. 60069 26555,COL 2. 60069 26555,True,COL 3. 20890 59568,COL 3. 20890 59568,True,True,
base64decoded - 2026-01-21T160035.150.png,COL 1. 90519 45153,COL 1. 90519 45153,True,COL 2. 81010 31521,COL 2. 81010 31521,True,COL 3. 60587 15221,COL 3. 60587 15221,True,True,
base64decoded (46).png,COL 1. 46589 99788,COL 1. 46589 99788,True,COL 2. 50119 61541,COL 2. 50119 61541,True,COL 3. 61527 55286,COL 3. 61527 55286,True,True,
64.jfif,COL 1. 14513 79701,COL 1. 14513 79701,True,COL 2. 10113 61548,COL 2. 10113 61548,True,COL 3. 61722 51786,COL 3. 61722 51786,True,True,
base64decoded - 2026-01-21T160541.085.png,COL 1. 36511 25113,COL 1. 36511 25113,True,COL 2. 81010 31527,COL 2. 81010 31527,True,COL 3. 90782 11493,COL 3. 90782 11493,True,True,
base64decoded - 2026-01-21T155950.914.png,COL 1. 04803 02344,COL 1. 04803 02344,True,COL 2. 26337 03890,COL 2. 26337 03890,True,COL 3. 93533 06010,COL 3. 93533 06010,True,True,
base64decoded - 2026-01-21T160258.425.png,COL 1. 66056 81125,COL 1. 66056 81125,True,COL 2. 00116 91379,COL 2. 00116 91379,True,COL 3. 41577 98779,COL 3. 41577 98779,True,True,
base64decoded (50).png,COL 1. 91746 19956,COL 1. 91746 19956,True,COL 2. 21039 63773,COL 2. 21039 63773,True,COL 3. 80553 27192,COL 3. 80553 27192,True,True,
base64decoded - 2026-01-21T161906.911.jpeg,COL 1. 13088 16134,COL 1. 13088 16134,True,COL 2. 50415 61459,COL 2. 50415 61459,True,COL 3. 64561 86179,COL 3. 64561 86179,True,True,
248.png,COL 1. 73888 77791,COL 1. 73888 77791,True,COL 2. 64117 01866,COL 2. 64117 01866,True,COL 3. 66742 67558,COL 3. 66742 67558,True,True,
33.jfif,COL 1. 53402 87884,COL 1. 53402 87884,True,COL 2. 60142 04466,COL 2. 60142 04466,True,COL 3. 61846 86926,COL 3. 61846 86926,True,True,
274.png,COL 1. 48189 98690,COL 1. 48189 98690,True,COL 2. 71667 56516,COL 2. 71667 56516,True,COL 3. 96800 19464,COL 3. 96800 19464,True,True,
260.png,COL 1. 85754 46650,COL 1. 85754 46650,True,COL 2. 21012 61770,COL 2. 21012 61770,True,COL 3. 00354 29014,COL 3. 00354 29014,True,True,
base64decoded - 2026-01-21T161609.990.png,COL 1. 79317 50116,COL 1. 79317 50116,True,COL 2. 41150 91345,COL 2. 41150 91345,True,COL 3. 01511 47276,COL 3. 01511 47276,True,True,
base64decoded - 2026-01-21T153706.351.png,COL 1. 33513 34780,COL 1. 33513 34780,True,COL 2. 40109 90574,COL 2. 40109 90574,True,COL 3. 61575 51915,COL 3. 61575 51915,True,True,
261.png,COL 1. 25414 37588,COL 1. 25414 37588,True,COL 2. 30116 01461,COL 2. 30116 01461,True,COL 3. 31547 87764,COL 3. 31547 87764,True,True,
275.png,COL 1. 63709 49340,COL 1. 63709 49340,True,COL 2. 81062 66772,COL 2. 81062 66772,True,COL 3. 60850 28241,COL 3. 60850 28241,True,True,
239.jfif,COL 1. 35459 43169,COL 1. 35459 43169,True,COL 2. 54110 98830,COL 2. 54110 98830,True,COL 3. 11374 60352,COL 3. 11374 60352,True,True,
base64decoded (93).png,COL 1. 98350 14652,COL 1. 98350 14652,True,COL 2. 61018 61370,COL 2. 61018 61370,True,COL 3. 10354 40449,COL 3. 10354 40449,True,True,
249.png,COL 1. 39581 13534,COL 1. 39581 13534,True,COL 2. 11443 64554,COL 2. 11443 64554,True,COL 3. 64866 18774,COL 3. 64866 18774,True,True,
base64decoded - 2026-01-21T154755.994.png,COL 1. 78887 84396,COL 1. 78887 84396,True,COL 2. 06438 43812,COL 2. 06438 43812,True,COL 3. 34369 02606,COL 3. 34369 02606,True,True,
base64decoded - 2026-01-21T155409.658.png,COL 1. 95816 35863,COL 1. 95816 35863,True,COL 2. 96047 34824,COL 2. 96047 34824,True,COL 3. 50886 06533,COL 3. 50886 06533,True,True,
base64decoded - 2026-01-21T160743.288.png,COL 1. 94855 19460,COL 1. 94855 19460,True,COL 2. 14003 60871,COL 2. 14003 60871,True,COL 3. 60359 62788,COL 3. 60359 62788,True,True,
base64decoded - 2026-01-21T153907.161.png,COL 1. 83881 19144,COL 1. 83881 19144,True,COL 2. 34113 61849,COL 2. 34113 61849,True,COL 3. 11527 62825,COL 3. 11527 62825,True,True,
base64decoded - 2026-01-21T151802.347.png,COL 1. 73311 37592,COL 1. 73311 37592,True,COL 2. 41136 03363,COL 2. 41136 03363,True,COL 3. 01543 46321,COL 3. 01543 46321,True,True,
base64decoded - 2026-01-21T153412.147.png,COL 1. 95746 32953,COL 1. 95746 32953,True,COL 2. 01339 03793,COL 2. 01339 03793,True,COL 3. 63533 28591,COL 3. 63533 28591,True,True,
base64decoded - 2026-01-21T162102.889.jpeg,COL 1. 10544 72400,COL 1. 10544 72400,True,COL 2. 43330 01591,COL 2. 43330 01591,True,COL 3. 03334 34150,COL 3. 03334 34150,True,True,
117.png,COL 1. 97509 25328,COL 1. 97509 25328,True,COL 2. 41006 30522,COL 2. 41006 30522,True,COL 3. 80389 72108,COL 3. 80389 72108,True,True,
base64decoded - 2026-01-21T152004.089.png,COL 1. 35802 46083,COL 1. 35802 46083,True,COL 2. 56007 20850,COL 2. 56007 20850,True,COL 3. 50595 01616,COL 3. 50595 01616,True,True,
103.png,COL 1. 94051 62662,COL 1. 94051 62662,True,COL 2. 20063 66578,COL 2. 20063 66578,True,COL 3. 60850 53968,COL 3. 60850 53968,True,True,
6.jpeg,COL 1. 91047 30420,COL 1. 91047 30420,True,COL 2. 00045 34320,COL 2. 00045 34320,True,COL 3. 20886 90618,COL 3. 20886 90618,True,True,
base64decoded - 2026-01-21T164156.302.jpeg,COL 1. 04544 89426,COL 1. 04544 89426,True,COL 2. 73018 61576,COL 2. 73018 61576,True,COL 3. 40752 31237,COL 3. 40752 31237,True,True,
base64decoded - 2026-01-21T160721.511.png,COL 1. 06429 07504,COL 1. 06429 07504,True,COL 2. 70635 53414,COL 2. 70635 53414,True,COL 3. 36503 87683,COL 3. 36503 87683,True,True,
base64decoded - 2026-01-21T153059.351.png,COL 1. 49506 05490,COL 1. 49506 05490,True,COL 2. 50019 31529,COL 2. 50019 31529,True,COL 3. 80581 52228,COL 3. 80581 52228,True,True,
315.png,COL 1. 17342 17431,COL 1. 17342 17431,True,COL 2. 11042 34326,COL 2. 11042 34326,True,COL 3. 40886 40898,COL 3. 40886 40898,True,True,
301.png,COL 1. 11515 66055,COL 1. 11515 66055,True,COL 2. 21006 20550,COL 2. 21006 20550,True,COL 3. 90399 72363,COL 3. 90399 72363,True,True,
329.png,COL 1. 83491 90046,COL 1. 83491 90046,True,COL 2. 20109 90440,COL 2. 20109 90440,True,COL 3. 31515 80558,COL 3. 31515 80558,True,True,
base64decoded (85).png,COL 1. 06449 77583,COL 1. 06449 77583,True,COL 2. 10115 01465,COL 2. 10115 01465,True,COL 3. 31547 85505,COL 3. 31547 85505,True,True,
base64decoded - 2026-01-21T161415.135.jpeg,COL 1. 23332 70001,COL 1. 23332 70001,True,COL 2. 41107 00363,COL 2. 41107 00363,True,COL 3. 01349 43387,COL 3. 01349 43387,True,True,
305.png,COL 1. 61522 00003,COL 1. 61522 00003,True,COL 2. 73138 90541,COL 2. 73138 90541,True,COL 3. 01418 33965,COL 3. 01418 33965,True,True,
311.png,COL 1. 10800 76142,COL 1. 10800 76142,True,COL 2. 86061 26855,COL 2. 86061 26855,True,COL 3. 30890 09785,COL 3. 30890 09785,True,True,
base64decoded - 2026-01-21T153808.587.png,COL 1. 59148 03194,COL 1. 59148 03194,True,COL 2. 01014 31525,COL 2. 01014 31525,True,COL 3. 90581 71199,COL 3. 90581 71199,True,True,
339.png,COL 1. 73564 69400,COL 1. 73564 69400,True,COL 2. 30143 64540,COL 2. 30143 64540,True,COL 3. 61826 54251,COL 3. 61826 54251,True,True,
base64decoded (100).png,COL 1. 85314 99456,COL 1. 85314 99456,True,COL 2. 71117 61347,COL 2. 71117 61347,True,COL 3. 01722 46823,COL 3. 01722 46823,True,True,
base64decoded (84).png,COL 1. 20560 67715,COL 1. 20560 67715,True,COL 2. 73612 51516,COL 2. 73612 51516,True,COL 3. 86702 36067,COL 3. 86702 36067,True,True,
base64decoded - 2026-01-21T154518.050.png,COL 1. 69328 93518,COL 1. 69328 93518,True,COL 2. 71437 63355,COL 2. 71437 63355,True,COL 3. 04563 41346,COL 3. 04563 41346,True,True,
base64decoded - 2026-01-21T155855.162.png,COL 1. 15508 95312,COL 1. 15508 95312,True,COL 2. 70009 30523,COL 2. 70009 30523,True,COL 3. 60389 57045,COL 3. 60389 57045,True,True,
base64decoded - 2026-01-21T155143.438.png,COL 1. 44592 44058,COL 1. 44592 44058,True,COL 2. 50109 90573,COL 2. 50109 90573,True,COL 3. 71478 50378,COL 3. 71478 50378,True,True,
113.png,COL 1. 71583 29560,COL 1. 71583 29560,True,COL 2. 90133 63540,COL 2. 90133 63540,True,COL 3. 81523 54088,COL 3. 81523 54088,True,True,
base64decoded - 2026-01-21T153343.699.png,COL 1. 64557 90745,COL 1. 64557 90745,True,COL 2. 61104 90540,COL 2. 61104 90540,True,COL 3. 91515 74587,COL 3. 91515 74587,True,True,
base64decoded - 2026-01-21T162321.862.png,COL 1. 85316 20955,COL 1. 85316 20955,True,COL 2. 11150 93343,COL 2. 11150 93343,True,COL 3. 01513 46196,COL 3. 01513 46196,True,True,
base64decoded - 2026-01-21T161934.543.png,COL 1. 08558 10151,COL 1. 08558 10151,True,COL 2. 63150 91549,COL 2. 63150 91549,True,COL 3. 41511 37594,COL 3. 41511 37594,True,True,
base64decoded - 2026-01-21T164527.165.jfif,COL 1. 46562 89368,COL 1. 46562 89368,True,COL 2. 10156 63543,COL 2. 10156 63543,True,COL 3. 61523 58744,COL 3. 61523 58744,True,True,
271.png,COL 1. 87552 60096,COL 1. 87552 60096,True,COL 2. 41106 90540,COL 2. 41106 90540,True,COL 3. 91418 75294,COL 3. 91418 75294,True,True,
265.png,COL 1. 78317 59430,COL 1. 78317 59430,True,COL 2. 90148 64346,COL 2. 90148 64346,True,COL 3. 41826 96757,COL 3. 41826 96757,True,True,
base64decoded - 2026-01-21T164110.426.jfif,COL 1. 10509 99375,COL 1. 10509 99375,True,COL 2. 21059 63573,COL 2. 21059 63573,True,COL 3. 90553 79469,COL 3. 90553 79469,True,True,
base64decoded (92).png,COL 1. 45319 90959,COL 1. 45319 90959,True,COL 2. 51136 93345,COL 2. 51136 93345,True,COL 3. 01513 47319,COL 3. 01513 47319,True,True,
259.png,COL 1. 47452 84141,COL 1. 47452 84141,True,COL 2. 80117 91471,COL 2. 80117 91471,True,COL 3. 91577 80419,COL 3. 91577 80419,True,True,
base64decoded.png,COL 1. 96819 96153,COL 1. 96819 96153,True,COL 2. 16014 21858,COL 2. 16014 21858,True,COL 3. 50394 08531,COL 3. 50394 08531,True,True,
base64decoded - 2026-01-21T153138.814.png,COL 1. 88762 77433,COL 1. 88762 77433,True,COL 2. 01609 50710,COL 2. 01609 50710,True,COL 3. 06408 27570,COL 3. 06408 27570,True,True,
258.png,COL 1. 23550 12433,COL 1. 23550 12433,True,COL 2. 01316 01591,COL 2. 01316 01591,True,COL 3. 93732 71800,COL 3. 93732 71800,True,True,
base64decoded - 2026-01-21T153758.902.png,COL 1. 46319 86450,COL 1. 46319 86450,True,COL 2. 91017 21351,COL 2. 91017 21351,True,COL 3. 40792 45313,COL 3. 40792 45313,True,True,
264.png,COL 1. 09544 32717,COL 1. 09544 32717,True,COL 2. 03310 01591,COL 2. 03310 01591,True,COL 3. 83732 38097,COL 3. 83732 38097,True,True,
270.png,COL 1. 43347 23546,COL 1. 43347 23546,True,COL 2. 10418 61350,COL 2. 10418 61350,True,COL 3. 84364 90809,COL 3. 84364 90809,True,True,
base64decoded (51).png,COL 1. 58596 24119,COL 1. 58596 24119,True,COL 2. 41110 91575,COL 2. 41110 91575,True,COL 3. 91571 13126,COL 3. 91571 13126,True,True,
base64decoded (47).png,COL 1. 94632 30151,COL 1. 94632 30151,True,COL 2. 96117 01861,COL 2. 96117 01861,True,COL 3. 31742 09120,COL 3. 31742 09120,True,True,
106.png,COL 1. 25354 80796,COL 1. 25354 80796,True,COL 2. 30118 91341,COL 2. 30118 91341,True,COL 3. 41712 94858,COL 3. 41712 94858,True,True,
base64decoded - 2026-01-21T163815.071.png,COL 1. 74554 47354,COL 1. 74554 47354,True,COL 2. 71659 53510,COL 2. 71659 53510,True,COL 3. 86503 16468,COL 3. 86503 16468,True,True,
base64decoded - 2026-01-21T153502.055.png,COL 1. 69037 73420,COL 1. 69037 73420,True,COL 2. 70146 04366,COL 2. 70146 04366,True,COL 3. 41846 93932,COL 3. 41846 93932,True,True,
base64decoded (10).png,COL 1. 52408 16122,COL 1. 52408 16122,True,COL 2. 80011 21451,COL 2. 80011 21451,True,COL 3. 30597 85795,COL 3. 30597 85795,True,True,
base64decoded - 2026-01-21T154919.829.png,COL 1. 32704 47363,COL 1. 32704 47363,True,COL 2. 11139 03765,COL 2. 11139 03765,True,COL 3. 01543 22922,COL 3. 01543 22922,True,True,
338.png,COL 1. 89361 23121,COL 1. 89361 23121,True,COL 2. 90418 61358,COL 2. 90418 61358,True,COL 3. 24762 96188,COL 3. 24762 96188,True,True,
310.png,COL 1. 77152 65166,COL 1. 77152 65166,True,COL 2. 01315 01799,COL 2. 01315 01799,True,COL 3. 03537 27658,COL 3. 03537 27658,True,True,
231.jpeg,COL 1. 35719 96830,COL 1. 35719 96830,True,COL 2. 01082 29746,COL 2. 01082 29746,True,COL 3. 90890 20451,COL 3. 90890 20451,True,True,
304.png,COL 1. 68857 02188,COL 1. 68857 02188,True,COL 2. 36310 01891,COL 2. 36310 01891,True,COL 3. 33537 00179,COL 3. 33537 00179,True,True,
312.png,COL 1. 20656 87166,COL 1. 20656 87166,True,COL 2. 66110 91840,COL 2. 66110 91840,True,COL 3. 21314 06869,COL 3. 21314 06869,True,True,
306.png,COL 1. 28089 65665,COL 1. 28089 65665,True,COL 2. 60668 56518,COL 2. 60668 56518,True,COL 3. 66800 50254,COL 3. 66800 50254,True,True,
53.jfif,COL 1. 56078 67064,COL 1. 56078 67064,True,COL 2. 80107 60543,COL 2. 80107 60543,True,COL 3. 21428 53655,COL 3. 21428 53655,True,True,
base64decoded - 2026-01-21T152932.785.png,COL 1. 88749 42530,COL 1. 88749 42530,True,COL 2. 31339 03795,COL 2. 31339 03795,True,COL 3. 63533 28217,COL 3. 63533 28217,True,True,
base64decoded - 2026-01-21T154509.526.png,COL 1. 77546 79152,COL 1. 77546 79152,True,COL 2. 51010 61570,COL 2. 51010 61570,True,COL 3. 60354 15831,COL 3. 60354 15831,True,True,
base64decoded (67).png,COL 1. 53558 89054,COL 1. 53558 89054,True,COL 2. 60009 60573,COL 2. 60009 60573,True,COL 3. 60359 54392,COL 3. 60359 54392,True,True,
base64decoded - 2026-01-21T154006.976.png,COL 1. 02719 57414,COL 1. 02719 57414,True,COL 2. 61109 00760,COL 2. 61109 00760,True,COL 3. 61448 20235,COL 3. 61448 20235,True,True,
base64decoded - 2026-01-21T160024.621.png,COL 1. 00522 83196,COL 1. 00522 83196,True,COL 2. 51410 61551,COL 2. 51410 61551,True,COL 3. 04762 10882,COL 3. 04762 10882,True,True,
base64decoded - 2026-01-21T153151.680.png,COL 1. 94863 67766,COL 1. 94863 67766,True,COL 2. 76617 51817,COL 2. 76617 51817,True,COL 3. 56702 03005,COL 3. 56702 03005,True,True,
base64decoded (88).png,COL 1. 76540 02150,COL 1. 76540 02150,True,COL 2. 71310 01591,COL 2. 71310 01591,True,COL 3. 93531 13524,COL 3. 93531 13524,True,True,
110.png,COL 1. 50842 05561,COL 1. 50842 05561,True,COL 2. 44007 30824,COL 2. 44007 30824,True,COL 3. 60585 68796,COL 3. 60585 68796,True,True,
104.png,COL 1. 39506 74158,COL 1. 39506 74158,True,COL 2. 81117 91571,COL 2. 81117 91571,True,COL 3. 91374 12101,COL 3. 91374 12101,True,True,
base64decoded - 2026-01-21T164102.429.jfif,COL 1. 57566 67178,COL 1. 57566 67178,True,COL 2. 70636 51511,COL 2. 70636 51511,True,COL 3. 26304 57749,COL 3. 26304 57749,True,True,
base64decoded - 2026-01-21T153050.584.png,COL 1. 16454 69384,COL 1. 16454 69384,True,COL 2. 30005 60472,COL 2. 30005 60472,True,COL 3. 20359 88124,COL 3. 20359 88124,True,True,
base64decoded (30).png,COL 1. 54058 63036,COL 1. 54058 63036,True,COL 2. 70005 60470,COL 2. 70005 60470,True,COL 3. 30359 81119,COL 3. 30359 81119,True,True,
39.png,COL 1. 67151 65018,COL 1. 67151 65018,True,COL 2. 81304 00796,COL 2. 81304 00796,True,COL 3. 03535 29555,COL 3. 03535 29555,True,True,
138.jpeg,COL 1. 99509 95157,COL 1. 99509 95157,True,COL 2. 11017 31527,COL 2. 11017 31527,True,COL 3. 90782 12598,COL 3. 90782 12598,True,True,
60.jpeg,COL 1. 15431 62409,COL 1. 15431 62409,True,COL 2. 10349 04494,COL 2. 10349 04494,True,COL 3. 33836 88301,COL 3. 33836 88301,True,True,
base64decoded - 2026-01-21T162332.128.jfif,COL 1. 94571 86402,COL 1. 94571 86402,True,COL 2. 31079 21556,COL 2. 31079 21556,True,COL 3. 60792 17970,COL 3. 60792 17970,True,True,
base64decoded (26).png,COL 1. 65518 55303,COL 1. 65518 55303,True,COL 2. 50009 30521,COL 2. 50009 30521,True,COL 3. 60389 51724,COL 3. 60389 51724,True,True,
base64decoded - 2026-01-21T162243.547.png,COL 1. 29658 42153,COL 1. 29658 42153,True,COL 2. 16155 91841,COL 2. 16155 91841,True,COL 3. 24511 04245,COL 3. 24511 04245,True,True,
266.png,COL 1. 07381 99430,COL 1. 07381 99430,True,COL 2. 31042 64374,COL 2. 31042 64374,True,COL 3. 40856 43427,COL 3. 40856 43427,True,True,
272.png,COL 1. 46310 54541,COL 1. 46310 54541,True,COL 2. 70118 91377,COL 2. 70118 91377,True,COL 3. 21772 99911,COL 3. 21772 99911,True,True,
base64decoded (71).png,COL 1. 04539 42204,COL 1. 04539 42204,True,COL 2. 21300 00590,COL 2. 21300 00590,True,COL 3. 23438 15585,COL 3. 23438 15585,True,True,
base64decoded - 2026-01-21T153750.669.png,COL 1. 70350 20156,COL 1. 70350 20156,True,COL 2. 10016 61371,COL 2. 10016 61371,True,COL 3. 20354 97814,COL 3. 20354 97814,True,True,
base64decoded - 2026-01-21T164241.938.jfif,COL 1. 01864 19357,COL 1. 01864 19357,True,COL 2. 86155 63845,COL 2. 86155 63845,True,COL 3. 51523 03360,COL 3. 51523 03360,True,True,
298.png,COL 1. 54865 27185,COL 1. 54865 27185,True,COL 2. 86610 51816,COL 2. 86610 51816,True,COL 3. 06702 05898,COL 3. 06702 05898,True,True,
base64decoded - 2026-01-21T161020.724.png,COL 1. 46888 29866,COL 1. 46888 29866,True,COL 2. 44133 63840,COL 2. 44133 63840,True,COL 3. 71523 65680,COL 3. 71523 65680,True,True,
273.png,COL 1. 90136 50390,COL 1. 90136 50390,True,COL 2. 51036 23553,COL 2. 51036 23553,True,COL 3. 90593 71288,COL 3. 90593 71288,True,True,
267.png,COL 1. 05050 40602,COL 1. 05050 40602,True,COL 2. 90067 66475,COL 2. 90067 66475,True,COL 3. 10850 87164,COL 3. 10850 87164,True,True,
base64decoded - 2026-01-21T160304.900.png,COL 1. 66056 81125,COL 1. 66056 81125,True,COL 2. 00116 91379,COL 2. 00116 91379,True,COL 3. 41577 98779,COL 3. 41577 98779,True,True,
base64decoded - 2026-01-21T153020.899.png,COL 1. 88509 12573,COL 1. 88509 12573,True,COL 2. 13304 00592,COL 2. 13304 00592,True,COL 3. 83339 32676,COL 3. 83339 32676,True,True,
base64decoded - 2026-01-21T155221.585.png,COL 1. 71834 27158,COL 1. 71834 27158,True,COL 2. 36117 01868,COL 2. 36117 01868,True,COL 3. 51344 09603,COL 3. 51344 09603,True,True,
38.png,COL 1. 62458 65048,COL 1. 62458 65048,True,COL 2. 74305 00890,COL 2. 74305 00890,True,COL 3. 63438 63433,COL 3. 63438 63433,True,True,
base64decoded (7).png,COL 1. 49457 39838,COL 1. 49457 39838,True,COL 2. 40063 66475,COL 2. 40063 66475,True,COL 3. 60850 89311,COL 3. 60850 89311,True,True,
base64decoded - 2026-01-21T153616.485.png,COL 1. 44478 61161,COL 1. 44478 61161,True,COL 2. 24113 61845,COL 2. 24113 61845,True,COL 3. 51521 64725,COL 3. 51521 64725,True,True,
139.png,COL 1. 22523 67006,COL 1. 22523 67006,True,COL 2. 00603 50510,COL 2. 00603 50510,True,COL 3. 56505 54070,COL 3. 56505 54070,True,True,
base64decoded - 2026-01-21T162519.403.png,COL 1. 57355 37121,COL 1. 57355 37121,True,COL 2. 90632 51310,COL 2. 90632 51310,True,COL 3. 46304 98068,COL 3. 46304 98068,True,True,
105.png,COL 1. 18889 27246,COL 1. 18889 27246,True,COL 2. 06600 50810,COL 2. 06600 50810,True,COL 3. 56408 06798,COL 3. 56408 06798,True,True,
111.png,COL 1. 07153 15499,COL 1. 07153 15499,True,COL 2. 01147 94576,COL 2. 01147 94576,True,COL 3. 61876 19885,COL 3. 61876 19885,True,True,
base64decoded - 2026-01-21T162132.314.png,COL 1. 36408 46582,COL 1. 36408 46582,True,COL 2. 10053 21450,COL 2. 10053 21450,True,COL 3. 30597 83138,COL 3. 30597 83138,True,True,
base64decoded - 2026-01-21T161009.576.png,COL 1. 61541 33456,COL 1. 61541 33456,True,COL 2. 11440 64558,COL 2. 11440 64558,True,COL 3. 94866 15849,COL 3. 94866 15849,True,True,
307.png,COL 1. 51539 50152,COL 1. 51539 50152,True,COL 2. 83116 91545,COL 2. 83116 91545,True,COL 3. 31517 39245,COL 3. 31517 39245,True,True,
base64decoded - 2026-01-21T153859.207.png,COL 1. 76657 23153,COL 1. 76657 23153,True,COL 2. 96013 61879,COL 2. 96013 61879,True,COL 3. 30551 05832,COL 3. 30551 05832,True,True,
313.png,COL 1. 71515 97410,COL 1. 71515 97410,True,COL 2. 11106 00562,COL 2. 11106 00562,True,COL 3. 81349 77749,COL 3. 81349 77749,True,True,
336.png,COL 1. 55848 95542,COL 1. 55848 95542,True,COL 2. 66003 30822,COL 2. 66003 30822,True,COL 3. 92389 01482,COL 3. 92389 01482,True,True,
base64decoded - 2026-01-21T164233.237.jfif,COL 1. 23502 64411,COL 1. 23502 64411,True,COL 2. 40146 90570,COL 2. 40146 90570,True,COL 3. 61478 51784,COL 3. 61478 51784,True,True,
322.png,COL 1. 58521 50515,COL 1. 58521 50515,True,COL 2. 63106 90546,COL 2. 63106 90546,True,COL 3. 81515 34933,COL 3. 81515 34933,True,True,
34.jpeg,COL 1. 57306 04590,COL 1. 57306 04590,True,COL 2. 21136 93373,COL 2. 21136 93373,True,COL 3. 01573 48618,COL 3. 01573 48618,True,True,
base64decoded - 2026-01-21T161850.556.png,COL 1. 26317 59600,COL 1. 26317 59600,True,COL 2. 91150 61342,COL 2. 91150 61342,True,COL 3. 01521 42345,COL 3. 01521 42345,True,True,
base64decoded (64).png,COL 1. 28535 92494,COL 1. 28535 92494,True,COL 2. 81347 04590,COL 2. 81347 04590,True,COL 3. 93836 13295,COL 3. 93836 13295,True,True,
base64decoded - 2026-01-21T153527.429.png,COL 1. 54136 71314,COL 1. 54136 71314,True,COL 2. 81139 03763,COL 2. 81139 03763,True,COL 3. 81543 26483,COL 3. 81543 26483,True,True,
base64decoded - 2026-01-21T153544.969.png,COL 1. 23810 59128,COL 1. 23810 59128,True,COL 2. 94163 66848,COL 2. 94163 66848,True,COL 3. 61820 69687,COL 3. 61820 69687,True,True,
108.png,COL 1. 03504 34348,COL 1. 03504 34348,True,COL 2. 30133 93573,COL 2. 30133 93573,True,COL 3. 31573 50387,COL 3. 31573 50387,True,True,
134.png,COL 1. 27312 20005,COL 1. 27312 20005,True,COL 2. 60108 90340,COL 2. 60108 90340,True,COL 3. 21418 99786,COL 3. 21418 99786,True,True,
120.png,COL 1. 33459 60060,COL 1. 33459 60060,True,COL 2. 24005 60870,COL 2. 24005 60870,True,COL 3. 00359 60964,COL 3. 00359 60964,True,True,
base64decoded - 2026-01-21T164128.763.jpeg,COL 1. 67411 06972,COL 1. 67411 06972,True,COL 2. 60053 23455,COL 2. 60053 23455,True,COL 3. 30593 83978,COL 3. 30593 83978,True,True,
base64decoded - 2026-01-21T160107.641.png,COL 1. 49305 04033,COL 1. 49305 04033,True,COL 2. 01107 90371,COL 2. 01107 90371,True,COL 3. 01379 44255,COL 3. 01379 44255,True,True,
63.png,COL 1. 00542 42110,COL 1. 00542 42110,True,COL 2. 31317 01599,COL 2. 31317 01599,True,COL 3. 83537 71495,COL 3. 83537 71495,True,True,
base64decoded - 2026-01-21T155119.890.png,COL 1. 20658 18058,COL 1. 20658 18058,True,COL 2. 56007 60870,COL 2. 56007 60870,True,COL 3. 50458 06504,COL 3. 50458 06504,True,True,
base64decoded - 2026-01-21T161516.967.jpeg,COL 1. 85514 15580,COL 1. 85514 15580,True,COL 2. 53070 31527,COL 2. 53070 31527,True,COL 3. 42782 39508,COL 3. 42782 39508,True,True,
8.jpeg,COL 1. 84547 63810,COL 1. 84547 63810,True,COL 2. 30467 66552,COL 2. 30467 66552,True,COL 3. 64860 50992,COL 3. 64860 50992,True,True,
base64decoded (33).png,COL 1. 44540 09815,COL 1. 44540 09815,True,COL 2. 83062 66576,COL 2. 83062 66576,True,COL 3. 00850 31387,COL 3. 00850 31387,True,True,
base64decoded - 2026-01-21T153030.089.png,COL 1. 44755 24838,COL 1. 44755 24838,True,COL 2. 41149 94776,COL 2. 41149 94776,True,COL 3. 81876 21346,COL 3. 81876 21346,True,True,
base64decoded - 2026-01-21T160934.911.png,COL 1. 96471 82885,COL 1. 96471 82885,True,COL 2. 30345 04490,COL 2. 30345 04490,True,COL 3. 33836 81360,COL 3. 33836 81360,True,True,
base64decoded - 2026-01-21T161638.072.png,COL 1. 49542 73155,COL 1. 49542 73155,True,COL 2. 33412 61557,COL 2. 33412 61557,True,COL 3. 04762 35545,COL 3. 04762 35545,True,True,
base64decoded - 2026-01-21T161318.402.jpg,COL 1. 13714 07170,COL 1. 13714 07170,True,COL 2. 11119 01768,COL 2. 11119 01768,True,COL 3. 61742 29403,COL 3. 61742 29403,True,True,
75.jpeg,COL 1. 97341 47135,COL 1. 97341 47135,True,COL 2. 40615 51315,COL 2. 40615 51315,True,COL 3. 26507 94123,COL 3. 26507 94123,True,True,
base64decoded (25).png,COL 1. 20381 27618,COL 1. 20381 27618,True,COL 2. 41167 06362,COL 2. 41167 06362,True,COL 3. 01840 44299,COL 3. 01840 44299,True,True,
base64decoded - 2026-01-21T160549.857.png,COL 1. 68517 40523,COL 1. 68517 40523,True,COL 2. 01104 90540,COL 2. 01104 90540,True,COL 3. 81515 78370,COL 3. 81515 78370,True,True,
242.png,COL 1. 11725 27062,COL 1. 11725 27062,True,COL 2. 91602 50711,COL 2. 91602 50711,True,COL 3. 66309 23706,COL 3. 66309 23706,True,True,
256.png,COL 1. 07594 00729,COL 1. 07594 00729,True,COL 2. 01116 91546,COL 2. 01116 91546,True,COL 3. 81712 72132,COL 3. 81712 72132,True,True,
281.png,COL 1. 69545 72660,COL 1. 69545 72660,True,COL 2. 60363 06592,COL 2. 60363 06592,True,COL 3. 63830 58426,COL 3. 63830 58426,True,True,
195.jpeg,COL 1. 96322 10755,COL 1. 96322 10755,True,COL 2. 21112 91341,COL 2. 21112 91341,True,COL 3. 01517 49136,COL 3. 01517 49136,True,True,
base64decoded (72).png,COL 1. 39591 84473,COL 1. 39591 84473,True,COL 2. 13112 91579,COL 2. 13112 91579,True,COL 3. 81571 34954,COL 3. 81571 34954,True,True,
295.png,COL 1. 13427 97141,COL 1. 13427 97141,True,COL 2. 90619 51419,COL 2. 90619 51419,True,COL 3. 61507 88171,COL 3. 61507 88171,True,True,
base64decoded - 2026-01-21T154956.881.png,COL 1. 61830 06141,COL 1. 61830 06141,True,COL 2. 74013 21858,COL 2. 74013 21858,True,COL 3. 60792 68200,COL 3. 60792 68200,True,True,
base64decoded - 2026-01-21T161310.029.jpg,COL 1. 41342 09470,COL 1. 41342 09470,True,COL 2. 70016 61371,COL 2. 70016 61371,True,COL 3. 40752 94491,COL 3. 40752 94491,True,True,
294.png,COL 1. 10548 59490,COL 1. 10548 59490,True,COL 2. 31046 64576,COL 2. 31046 64576,True,COL 3. 80856 75229,COL 3. 80856 75229,True,True,
280.png,COL 1. 18560 63434,COL 1. 18560 63434,True,COL 2. 71416 61558,COL 2. 71416 61558,True,COL 3. 94762 79490,COL 3. 94762 79490,True,True,
243.png,COL 1. 16413 65773,COL 1. 16413 65773,True,COL 2. 30009 30420,COL 2. 30009 30420,True,COL 3. 60585 87375,COL 3. 60585 87375,True,True,
base64decoded - 2026-01-21T160808.127.png,COL 1. 91789 69536,COL 1. 91789 69536,True,COL 2. 81139 63744,COL 2. 81139 63744,True,COL 3. 61523 24240,COL 3. 61523 24240,True,True,
base64decoded (4).png,COL 1. 41573 62780,COL 1. 41573 62780,True,COL 2. 93306 00591,COL 2. 93306 00591,True,COL 3. 03438 31720,COL 3. 03438 31720,True,True,
121.png,COL 1. 12186 60106,COL 1. 12186 60106,True,COL 2. 81612 51315,COL 2. 81612 51315,True,COL 3. 06507 47709,COL 3. 06507 47709,True,True,
base64decoded - 2026-01-21T152532.893.png,COL 1. 74059 35402,COL 1. 74059 35402,True,COL 2. 80045 64476,COL 2. 80045 64476,True,COL 3. 90856 80368,COL 3. 90856 80368,True,True,
base64decoded (48).png,COL 1. 40332 48100,COL 1. 40332 48100,True,COL 2. 23116 01561,COL 2. 23116 01561,True,COL 3. 01547 39901,COL 3. 01547 39901,True,True,
135.png,COL 1. 41536 57150,COL 1. 41536 57150,True,COL 2. 80113 01561,COL 2. 80113 01561,True,COL 3. 61344 57888,COL 3. 61344 57888,True,True,
base64decoded - 2026-01-21T153518.763.png,COL 1. 50813 64346,COL 1. 50813 64346,True,COL 2. 34113 91878,COL 2. 34113 91878,True,COL 3. 61374 60705,COL 3. 61374 60705,True,True,
base64decoded - 2026-01-21T161336.672.jpeg,COL 1. 36518 57356,COL 1. 36518 57356,True,COL 2. 31134 03564,COL 2. 31134 03564,True,COL 3. 91543 70110,COL 3. 91543 70110,True,True,
base64decoded - 2026-01-21T162123.123.png,COL 1. 59532 02600,COL 1. 59532 02600,True,COL 2. 51310 01598,COL 2. 51310 01598,True,COL 3. 93334 11767,COL 3. 93334 11767,True,True,
base64decoded - 2026-01-21T161040.407.png,COL 1. 45089 42003,COL 1. 45089 42003,True,COL 2. 60605 50410,COL 2. 60605 50410,True,COL 3. 36309 80105,COL 3. 36309 80105,True,True,
323.png,COL 1. 75858 57792,COL 1. 75858 57792,True,COL 2. 74617 51816,COL 2. 74617 51816,True,COL 3. 16702 67608,COL 3. 16702 67608,True,True,
337.png,COL 1. 88716 67700,COL 1. 88716 67700,True,COL 2. 01105 00762,COL 2. 01105 00762,True,COL 3. 01349 28201,COL 3. 01349 28201,True,True,
base64decoded - 2026-01-21T155826.592.png,COL 1. 83855 90544,COL 1. 83855 90544,True,COL 2. 66147 94844,COL 2. 66147 94844,True,COL 3. 51816 01744,COL 3. 51816 01744,True,True,
base64decoded - 2026-01-21T155152.816.png,COL 1. 43890 70025,COL 1. 43890 70025,True,COL 2. 34103 90841,COL 2. 34103 90841,True,COL 3. 61418 61831,COL 3. 61418 61831,True,True,
base64decoded (87).png,COL 1. 10352 57903,COL 1. 10352 57903,True,COL 2. 93112 91571,COL 2. 93112 91571,True,COL 3. 01577 34799,COL 3. 01577 34799,True,True,
309.png,COL 1. 63587 99058,COL 1. 63587 99058,True,COL 2. 41104 60544,COL 2. 41104 60544,True,COL 3. 91525 11574,COL 3. 91525 11574,True,True,
321.png,COL 1. 88831 62570,COL 1. 88831 62570,True,COL 2. 36340 04894,COL 2. 36340 04894,True,COL 3. 53836 04700,COL 3. 53836 04700,True,True,
base64decoded (68).png,COL 1. 50562 37096,COL 1. 50562 37096,True,COL 2. 51608 50516,COL 2. 51608 50516,True,COL 3. 06505 75983,COL 3. 06505 75983,True,True,
335.png,COL 1. 92409 46044,COL 1. 92409 46044,True,COL 2. 30006 20452,COL 2. 30006 20452,True,COL 3. 60399 83285,COL 3. 60399 83285,True,True,
base64decoded - 2026-01-21T164145.745.jpeg,COL 1. 97819 70389,COL 1. 97819 70389,True,COL 2. 56155 93840,COL 2. 56155 93840,True,COL 3. 01513 05666,COL 3. 01513 05666,True,True,
4.jpeg,COL 1. 27450 57669,COL 1. 27450 57669,True,COL 2. 64165 96875,COL 2. 64165 96875,True,COL 3. 01870 62213,COL 3. 01870 62213,True,True,
123.png,COL 1. 78821 56391,COL 1. 78821 56391,True,COL 2. 94007 20853,COL 2. 94007 20853,True,COL 3. 80399 64842,COL 3. 80399 64842,True,True,
137.png,COL 1. 03891 94679,COL 1. 03891 94679,True,COL 2. 16110 91871,COL 2. 16110 91871,True,COL 3. 51374 06174,COL 3. 51374 06174,True,True,
base64decoded - 2026-01-21T160835.960.png,COL 1. 02416 43146,COL 1. 02416 43146,True,COL 2. 20415 61451,COL 2. 20415 61451,True,COL 3. 64561 86592,COL 3. 64561 86592,True,True,
36.png,COL 1. 57531 77135,COL 1. 57531 77135,True,COL 2. 21668 56515,COL 2. 21668 56515,True,COL 3. 06800 72619,COL 3. 06800 72619,True,True,
base64decoded - 2026-01-21T160133.590.png,COL 1. 34525 10893,COL 1. 34525 10893,True,COL 2. 21144 94544,COL 2. 21144 94544,True,COL 3. 91816 79773,COL 3. 91816 79773,True,True,
base64decoded - 2026-01-21T161031.115.png,COL 1. 82396 54461,COL 1. 82396 54461,True,COL 2. 50116 91375,COL 2. 50116 91375,True,COL 3. 41571 98733,COL 3. 41571 98733,True,True,
base64decoded - 2026-01-21T164249.645.jpeg,COL 1. 84501 34813,COL 1. 84501 34813,True,COL 2. 13180 96575,COL 2. 13180 96575,True,COL 3. 81870 35582,COL 3. 81870 35582,True,True,
79.jpeg,COL 1. 59517 59150,COL 1. 59517 59150,True,COL 2. 91116 61541,COL 2. 91116 61541,True,COL 3. 91527 72513,COL 3. 91527 72513,True,True,
base64decoded - 2026-01-21T161131.176.jpg,COL 1. 86303 75753,COL 1. 86303 75753,True,COL 2. 41007 30326,COL 2. 41007 30326,True,COL 3. 40585 49146,COL 3. 40585 49146,True,True,
base64decoded - 2026-01-21T155259.729.png,COL 1. 97307 24110,COL 1. 97307 24110,True,COL 2. 71117 91370,COL 2. 71117 91370,True,COL 3. 01577 43391,COL 3. 01577 43391,True,True,
base64decoded - 2026-01-21T163848.653.png,COL 1. 32584 77160,COL 1. 32584 77160,True,COL 2. 10156 01562,COL 2. 10156 01562,True,COL 3. 61541 56121,COL 3. 61541 56121,True,True,
base64decoded (29).png,COL 1. 33784 12670,COL 1. 33784 12670,True,COL 2. 91469 66752,COL 2. 91469 66752,True,COL 3. 64860 23939,COL 3. 64860 23939,True,True,
base64decoded - 2026-01-21T154215.423.png,COL 1. 88555 46610,COL 1. 88555 46610,True,COL 2. 81064 66576,COL 2. 81064 66576,True,COL 3. 80850 73467,COL 3. 80850 73467,True,True,
base64decoded - 2026-01-21T153315.553.png,COL 1. 65871 39891,COL 1. 65871 39891,True,COL 2. 06167 66842,COL 2. 06167 66842,True,COL 3. 51820 07319,COL 3. 51820 07319,True,True,
base64decoded - 2026-01-21T153846.267.png,COL 1. 98804 66597,COL 1. 98804 66597,True,COL 2. 34013 21855,COL 2. 34013 21855,True,COL 3. 60591 67841,COL 3. 60591 67841,True,True,
269.png,COL 1. 26559 47358,COL 1. 26559 47358,True,COL 2. 11637 53513,COL 2. 11637 53513,True,COL 3. 96503 15450,COL 3. 96503 15450,True,True,
base64decoded - 2026-01-21T162341.758.png,COL 1. 79039 33404,COL 1. 79039 33404,True,COL 2. 20083 24458,COL 2. 20083 24458,True,COL 3. 30896 85747,COL 3. 30896 85747,True,True,
base64decoded (91).png,COL 1. 63704 07551,COL 1. 63704 07551,True,COL 2. 41149 04768,COL 2. 41149 04768,True,COL 3. 61846 23359,COL 3. 61846 23359,True,True,
255.png,COL 1. 16413 65773,COL 1. 16413 65773,True,COL 2. 30009 30420,COL 2. 30009 30420,True,COL 3. 60585 87375,COL 3. 60585 87375,True,True,
base64decoded - 2026-01-21T163858.394.jfif,COL 1. 55416 59146,COL 1. 55416 59146,True,COL 2. 20133 61443,COL 2. 20133 61443,True,COL 3. 31324 89021,COL 3. 31324 89021,True,True,
241.png,COL 1. 59159 92395,COL 1. 59159 92395,True,COL 2. 51036 63570,COL 2. 51036 63570,True,COL 3. 80553 71774,COL 3. 80553 71774,True,True,
112.jfif,COL 1. 51883 67440,COL 1. 51883 67440,True,COL 2. 36110 01861,COL 2. 36110 01861,True,COL 3. 31742 01524,COL 3. 31742 01524,True,True,
base64decoded - 2026-01-21T152347.236.png,COL 1. 20580 99668,COL 1. 20580 99668,True,COL 2. 20169 66542,COL 2. 20169 66542,True,COL 3. 61820 55610,COL 3. 61820 55610,True,True,
base64decoded - 2026-01-21T160017.147.png,COL 1. 28482 16143,COL 1. 28482 16143,True,COL 2. 14613 51810,COL 2. 14613 51810,True,COL 3. 66507 63317,COL 3. 66507 63317,True,True,
296.png,COL 1. 91501 54490,COL 1. 91501 54490,True,COL 2. 51147 94578,COL 2. 51147 94578,True,COL 3. 91876 12530,COL 3. 91876 12530,True,True,
282.png,COL 1. 88594 74631,COL 1. 88594 74631,True,COL 2. 31117 91578,COL 2. 31117 91578,True,COL 3. 91374 12827,COL 3. 91374 12827,True,True,
base64decoded - 2026-01-21T153723.299.png,COL 1. 38318 84570,COL 1. 38318 84570,True,COL 2. 10106 90371,COL 2. 10106 90371,True,COL 3. 21379 93876,COL 3. 21379 93876,True,True,
283.png,COL 1. 88594 74631,COL 1. 88594 74631,True,COL 2. 31117 91578,COL 2. 31117 91578,True,COL 3. 91374 12827,COL 3. 91374 12827,True,True,
297.png,COL 1. 18889 27246,COL 1. 18889 27246,True,COL 2. 06600 50810,COL 2. 06600 50810,True,COL 3. 56408 06798,COL 3. 56408 06798,True,True,
base64decoded - 2026-01-21T154735.046.png,COL 1. 67306 53136,COL 1. 67306 53136,True,COL 2. 00416 61351,COL 2. 00416 61351,True,COL 3. 24762 91461,COL 3. 24762 91461,True,True,
240.png,COL 1. 91407 56142,COL 1. 91407 56142,True,COL 2. 60019 21459,COL 2. 60019 21459,True,COL 3. 60597 87501,COL 3. 60597 87501,True,True,
base64decoded - 2026-01-21T162253.103.jfif,COL 1. 20433 92880,COL 1. 20433 92880,True,COL 2. 10383 06495,COL 2. 10383 06495,True,COL 3. 53830 81426,COL 3. 53830 81426,True,True,
254.png,COL 1. 11306 25403,COL 1. 11306 25403,True,COL 2. 80018 31321,COL 2. 80018 31321,True,COL 3. 20384 98867,COL 3. 20384 98867,True,True,
268.png,COL 1. 22035 19034,COL 1. 22035 19034,True,COL 2. 90009 20450,COL 2. 90009 20450,True,COL 3. 60399 80166,COL 3. 60399 80166,True,True,
base64decoded - 2026-01-21T160800.268.png,COL 1. 48554 29660,COL 1. 48554 29660,True,COL 2. 20019 61575,COL 2. 20019 61575,True,COL 3. 60551 55915,COL 3. 60551 55915,True,True,
base64decoded (52).png,COL 1. 30858 59066,COL 1. 30858 59066,True,COL 2. 96107 60844,COL 2. 96107 60844,True,COL 3. 51428 07059,COL 3. 51428 07059,True,True,
base64decoded - 2026-01-21T155101.843.png,COL 1. 90703 87678,COL 1. 90703 87678,True,COL 2. 11169 06765,COL 2. 11169 06765,True,COL 3. 51840 26002,COL 3. 51840 26002,True,True,
base64decoded (44).png,COL 1. 85584 33060,COL 1. 85584 33060,True,COL 2. 80409 60552,COL 2. 80409 60552,True,COL 3. 44369 54906,COL 3. 44369 54906,True,True,
base64decoded - 2026-01-21T161534.792.jpeg,COL 1. 69584 14822,COL 1. 69584 14822,True,COL 2. 21689 56516,COL 2. 21689 56516,True,COL 3. 66800 71833,COL 3. 66800 71833,True,True,
37.png,COL 1. 84824 40165,COL 1. 84824 40165,True,COL 2. 84115 91841,COL 2. 84115 91841,True,COL 3. 11712 69271,COL 3. 11712 69271,True,True,
base64decoded - 2026-01-21T163750.774.png,COL 1. 78159 65067,COL 1. 78159 65067,True,COL 2. 51136 90741,COL 2. 51136 90741,True,COL 3. 61319 26178,COL 3. 61319 26178,True,True,
14.jpeg,COL 1. 35354 57028,COL 1. 35354 57028,True,COL 2. 20601 50310,COL 2. 20601 50310,True,COL 3. 26505 90800,COL 3. 26505 90800,True,True,
136.png,COL 1. 03465 37041,COL 1. 03465 37041,True,COL 2. 90606 50410,COL 2. 90606 50410,True,COL 3. 36309 85607,COL 3. 36309 85607,True,True,
base64decoded (8).png,COL 1. 07309 94405,COL 1. 07309 94405,True,COL 2. 80146 94376,COL 2. 80146 94376,True,COL 3. 41876 98920,COL 3. 41876 98920,True,True,
base64decoded - 2026-01-21T161916.430.png,COL 1. 71416 77346,COL 1. 71416 77346,True,COL 2. 20153 03463,COL 2. 20153 03463,True,COL 3. 31543 83628,COL 3. 31543 83628,True,True,
122.jpg,COL 1. 41803 26254,COL 1. 41803 26254,True,COL 2. 56000 20854,COL 2. 56000 20854,True,COL 3. 50595 00457,COL 3. 50595 00457,True,True,
base64decoded (13).png,COL 1. 14844 02055,COL 1. 14844 02055,True,COL 2. 46311 01898,COL 2. 46311 01898,True,COL 3. 53732 08796,COL 3. 53732 08796,True,True,
base64decoded - 2026-01-21T154319.103.png,COL 1. 47391 54033,COL 1. 47391 54033,True,COL 2. 00106 90373,COL 2. 00106 90373,True,COL 3. 41478 90704,COL 3. 41478 90704,True,True,
43.jpeg,COL 1. 76540 83156,COL 1. 76540 83156,True,COL 2. 40417 61558,COL 2. 40417 61558,True,COL 3. 64762 56362,COL 3. 64762 56362,True,True,
base64decoded - 2026-01-21T153130.177.png,COL 1. 20515 07731,COL 1. 20515 07731,True,COL 2. 01110 01569,COL 2. 01110 01569,True,COL 3. 61547 13844,COL 3. 61547 13844,True,True,
334.png,COL 1. 29340 72973,COL 1. 29340 72973,True,COL 2. 21332 03393,COL 2. 21332 03393,True,COL 3. 03533 42454,COL 3. 03533 42454,True,True,
320.png,COL 1. 74565 79005,COL 1. 74565 79005,True,COL 2. 13106 60540,COL 2. 13106 60540,True,COL 3. 81428 30237,COL 3. 81428 30237,True,True,
base64decoded - 2026-01-21T153509.771.png,COL 1. 23441 43642,COL 1. 23441 43642,True,COL 2. 20469 66456,COL 2. 20469 66456,True,COL 3. 34860 85335,COL 3. 34860 85335,True,True,
308.png,COL 1. 94786 57011,COL 1. 94786 57011,True,COL 2. 71104 00764,COL 2. 71104 00764,True,COL 3. 61448 21076,COL 3. 61448 21076,True,True,
324.png,COL 1. 06360 57165,COL 1. 06360 57165,True,COL 2. 41612 51318,COL 2. 41612 51318,True,COL 3. 06702 48661,COL 3. 06702 48661,True,True,
330.png,COL 1. 06557 07513,COL 1. 06557 07513,True,COL 2. 70103 00566,COL 2. 70103 00566,True,COL 3. 21545 57901,COL 3. 21545 57901,True,True,
233.jpeg,COL 1. 85313 95893,COL 1. 85313 95893,True,COL 2. 60050 37362,COL 2. 60050 37362,True,COL 3. 20880 99855,COL 3. 20880 99855,True,True,
318.png,COL 1. 52508 59526,COL 1. 52508 59526,True,COL 2. 71137 63543,COL 2. 71137 63543,True,COL 3. 91523 78870,COL 3. 91523 78870,True,True,
base64decoded - 2026-01-21T155756.163.png,COL 1. 88132 45162,COL 1. 88132 45162,True,COL 2. 71019 21751,COL 2. 71019 21751,True,COL 3. 00792 28959,COL 3. 00792 28959,True,True,
base64decoded - 2026-01-21T161457.950.jpeg,COL 1. 58889 79180,COL 1. 58889 79180,True,COL 2. 16135 61841,COL 2. 16135 61841,True,COL 3. 51324 07605,COL 3. 51324 07605,True,True,
base64decoded (12).png,COL 1. 51344 82139,COL 1. 51344 82139,True,COL 2. 20316 01391,COL 2. 20316 01391,True,COL 3. 23531 94219,COL 3. 23531 94219,True,True,
126.png,COL 1. 96346 87430,COL 1. 96346 87430,True,COL 2. 10641 54318,COL 2. 10641 54318,True,COL 3. 26806 99236,COL 3. 26806 99236,True,True,
base64decoded (9).png,COL 1. 36384 23541,COL 1. 36384 23541,True,COL 2. 11417 61358,COL 2. 11417 61358,True,COL 3. 04762 40061,COL 3. 04762 40061,True,True,
132.png,COL 1. 98051 45029,COL 1. 98051 45029,True,COL 2. 00108 90340,COL 2. 00108 90340,True,COL 3. 21515 92578,COL 3. 21515 92578,True,True,
base64decoded - 2026-01-21T155203.631.png,COL 1. 72800 27721,COL 1. 72800 27721,True,COL 2. 34103 00864,COL 2. 34103 00864,True,COL 3. 61545 64539,COL 3. 61545 64539,True,True,
base64decoded - 2026-01-21T154620.831.png,COL 1. 76522 67032,COL 1. 76522 67032,True,COL 2. 23602 50514,COL 2. 23602 50514,True,COL 3. 06408 31577,COL 3. 06408 31577,True,True,
base64decoded - 2026-01-21T164119.486.jpeg,COL 1. 32379 49591,COL 1. 32379 49591,True,COL 2. 51150 63343,COL 2. 51150 63343,True,COL 3. 71523 41212,COL 3. 71523 41212,True,True,
base64decoded (45).png,COL 1. 94825 16392,COL 1. 94825 16392,True,COL 2. 76007 20852,COL 2. 76007 20852,True,COL 3. 70399 02973,COL 3. 70399 02973,True,True,
base64decoded - 2026-01-21T151938.523.png,COL 1. 16564 23655,COL 1. 16564 23655,True,COL 2. 41464 66556,COL 2. 41464 66556,True,COL 3. 54860 77526,COL 3. 54860 77526,True,True,
27.png,COL 1. 96736 52378,COL 1. 96736 52378,True,COL 2. 41334 03793,COL 2. 41334 03793,True,COL 3. 03533 25531,COL 3. 03533 25531,True,True,
15.jpeg,COL 1. 61746 93410,COL 1. 61746 93410,True,COL 2. 11044 34724,COL 2. 11044 34724,True,COL 3. 76886 26560,COL 3. 76886 26560,True,True,
base64decoded - 2026-01-21T153836.944.png,COL 1. 08566 10152,COL 1. 08566 10152,True,COL 2. 21114 91540,COL 2. 21114 91540,True,COL 3. 41314 71871,COL 3. 41314 71871,True,True,
base64decoded (53).png,COL 1. 65419 70436,COL 1. 65419 70436,True,COL 2. 10105 90441,COL 2. 10105 90441,True,COL 3. 31418 84328,COL 3. 31418 84328,True,True,
base64decoded - 2026-01-21T154725.268.png,COL 1. 59700 29154,COL 1. 59700 29154,True,COL 2. 51065 66778,COL 2. 51065 66778,True,COL 3. 00850 23745,COL 3. 00850 23745,True,True,
250.png,COL 1. 37717 04539,COL 1. 37717 04539,True,COL 2. 01102 90774,COL 2. 01102 90774,True,COL 3. 61575 27956,COL 3. 61575 27956,True,True,
244.png,COL 1. 32056 80338,COL 1. 32056 80338,True,COL 2. 10139 93473,COL 2. 10139 93473,True,COL 3. 21573 85701,COL 3. 21573 85701,True,True,
278.png,COL 1. 48536 46484,COL 1. 48536 46484,True,COL 2. 41007 20550,COL 2. 41007 20550,True,COL 3. 90498 14951,COL 3. 90498 14951,True,True,
base64decoded - 2026-01-21T160240.759.png,COL 1. 02339 88000,COL 1. 02339 88000,True,COL 2. 93002 20554,COL 2. 93002 20554,True,COL 3. 00498 39209,COL 3. 00498 39209,True,True,
293.png,COL 1. 35184 91191,COL 1. 35184 91191,True,COL 2. 81416 61556,COL 2. 81416 61556,True,COL 3. 84762 73968,COL 3. 84762 73968,True,True,
287.png,COL 1. 40537 50012,COL 1. 40537 50012,True,COL 2. 11006 20551,COL 2. 11006 20551,True,COL 3. 90399 73029,COL 3. 90399 73029,True,True,
base64decoded - 2026-01-21T151834.980.png,COL 1. 13346 63131,COL 1. 13346 63131,True,COL 2. 51417 61355,COL 2. 51417 61355,True,COL 3. 04567 45404,COL 3. 04567 45404,True,True,
base64decoded - 2026-01-21T153827.766.png,COL 1. 60056 79165,COL 1. 60056 79165,True,COL 2. 40319 01593,COL 2. 40319 01593,True,COL 3. 63334 50532,COL 3. 63334 50532,True,True,
286.png,COL 1. 38812 46442,COL 1. 38812 46442,True,COL 2. 26010 21856,COL 2. 26010 21856,True,COL 3. 30792 08457,COL 3. 30792 08457,True,True,
base64decoded - 2026-01-21T164216.355.jfif,COL 1. 76310 30159,COL 1. 76310 30159,True,COL 2. 00172 91346,COL 2. 00172 91346,True,COL 3. 71712 93386,COL 3. 71712 93386,True,True,
292.png,COL 1. 76332 86331,COL 1. 76332 86331,True,COL 2. 50038 23355,COL 2. 50038 23355,True,COL 3. 60593 91932,COL 3. 60593 91932,True,True,
279.png,COL 1. 44308 87971,COL 1. 44308 87971,True,COL 2. 50138 03364,COL 2. 50138 03364,True,COL 3. 21543 98808,COL 3. 21543 98808,True,True,
base64decoded - 2026-01-21T153916.154.png,COL 1. 88330 60125,COL 1. 88330 60125,True,COL 2. 00116 91341,COL 2. 00116 91341,True,COL 3. 41511 95776,COL 3. 41511 95776,True,True,
base64decoded (90).png,COL 1. 97505 95119,COL 1. 97505 95119,True,COL 2. 31010 31522,COL 2. 31010 31522,True,COL 3. 90581 14619,COL 3. 90581 14619,True,True,
245.png,COL 1. 12805 53046,COL 1. 12805 53046,True,COL 2. 34407 60852,COL 2. 34407 60852,True,COL 3. 74369 60346,COL 3. 74369 60346,True,True,
base64decoded - 2026-01-21T154704.571.png,COL 1. 79711 70076,COL 1. 79711 70076,True,COL 2. 91109 90744,COL 2. 91109 90744,True,COL 3. 61515 28534,COL 3. 61515 28534,True,True,
251.png,COL 1. 25784 89176,COL 1. 25784 89176,True,COL 2. 31112 61740,COL 2. 31112 61740,True,COL 3. 01324 29121,COL 3. 01324 29121,True,True,
base64decoded - 2026-01-21T162449.448.png,COL 1. 79864 13590,COL 1. 79864 13590,True,COL 2. 36455 60856,COL 2. 36455 60856,True,COL 3. 04565 09592,COL 3. 04565 09592,True,True,
base64decoded - 2026-01-21T155309.156.png,COL 1. 92828 93336,COL 1. 92828 93336,True,COL 2. 36417 61859,COL 2. 36417 61859,True,COL 3. 04567 08198,COL 3. 04567 08198,True,True,
base64decoded - 2026-01-21T160609.885.png,COL 1. 31413 46802,COL 1. 31413 46802,True,COL 2. 30065 26458,COL 2. 30065 26458,True,COL 3. 30890 84986,COL 3. 30890 84986,True,True,
base64decoded - 2026-01-21T164037.192.jpg,COL 1. 79183 17106,COL 1. 79183 17106,True,COL 2. 91670 51311,COL 2. 91670 51311,True,COL 3. 26702 48160,COL 3. 26702 48160,True,True,
base64decoded - 2026-01-21T163832.645.png,COL 1. 17050 41631,COL 1. 17050 41631,True,COL 2. 20183 96448,COL 2. 20183 96448,True,COL 3. 31810 82826,COL 3. 31810 82826,True,True,
base64decoded - 2026-01-21T154449.034.png,COL 1. 17462 17433,COL 1. 17462 17433,True,COL 2. 20615 51418,COL 2. 20615 51418,True,COL 3. 36304 86908,COL 3. 36304 86908,True,True,
base64decoded (28).png,COL 1. 07743 69806,COL 1. 07743 69806,True,COL 2. 01002 60773,COL 2. 01002 60773,True,COL 3. 00458 23666,COL 3. 00458 23666,True,True,
32.png,COL 1. 57812 57794,COL 1. 57812 57794,True,COL 2. 84115 01866,COL 2. 84115 01866,True,COL 3. 91742 67689,COL 3. 91742 67689,True,True,
26.png,COL 1. 46809 85899,COL 1. 46809 85899,True,COL 2. 26061 36826,COL 2. 26061 36826,True,COL 3. 42880 00743,COL 3. 42880 00743,True,True,
base64decoded - 2026-01-21T154815.285.png,COL 1. 72542 99606,COL 1. 72542 99606,True,COL 2. 23002 60570,COL 2. 23002 60570,True,COL 3. 00458 37645,COL 3. 00458 37645,True,True,
133.png,COL 1. 13581 27892,COL 1. 13581 27892,True,COL 2. 61647 54510,COL 2. 61647 54510,True,COL 3. 96806 11863,COL 3. 96806 11863,True,True,
127.png,COL 1. 07365 45553,COL 1. 07365 45553,True,COL 2. 31002 30322,COL 2. 31002 30322,True,COL 3. 20389 44202,COL 3. 20389 44202,True,True,
base64decoded (86).png,COL 1. 44844 39158,COL 1. 44844 39158,True,COL 2. 16017 61871,COL 2. 16017 61871,True,COL 3. 30354 06771,COL 3. 30354 06771,True,True,
base64decoded - 2026-01-21T155043.080.png,COL 1. 79873 62380,COL 1. 79873 62380,True,COL 2. 16337 03890,COL 2. 16337 03890,True,COL 3. 33533 05654,COL 3. 33533 05654,True,True,
319.png,COL 1. 31521 50351,COL 1. 31521 50351,True,COL 2. 93139 93543,COL 2. 93139 93543,True,COL 3. 01513 31239,COL 3. 01513 31239,True,True,
331.png,COL 1. 37057 11466,COL 1. 37057 11466,True,COL 2. 40143 94546,COL 2. 40143 94546,True,COL 3. 21816 59526,COL 3. 21816 59526,True,True,
base64decoded (69).png,COL 1. 70568 09735,COL 1. 70568 09735,True,COL 2. 81010 61571,COL 2. 81010 61571,True,COL 3. 90557 14700,COL 3. 90557 14700,True,True,
325.png,COL 1. 66406 76345,COL 1. 66406 76345,True,COL 2. 70032 23454,COL 2. 70032 23454,True,COL 3. 30593 81318,COL 3. 30593 81318,True,True,
base64decoded - 2026-01-21T153453.350.png,COL 1. 08338 52597,COL 1. 08338 52597,True,COL 2. 01317 01391,COL 2. 01317 01391,True,COL 3. 03537 47791,COL 3. 03537 47791,True,True,
333.png,COL 1. 75328 30102,COL 1. 75328 30102,True,COL 2. 71112 91340,COL 2. 71112 91340,True,COL 3. 01517 40077,COL 3. 01517 40077,True,True,
327.png,COL 1. 34847 69855,COL 1. 34847 69855,True,COL 2. 06010 61875,COL 2. 06010 61875,True,COL 3. 50557 06916,COL 3. 50557 06916,True,True,
24.jpg,COL 1. 08459 27464,COL 1. 08459 27464,True,COL 2. 54145 94848,COL 2. 54145 94848,True,COL 3. 61816 60792,COL 3. 61816 60792,True,True,
base64decoded - 2026-01-21T162410.872.png,COL 1. 88565 93811,COL 1. 88565 93811,True,COL 2. 43480 64554,COL 2. 43480 64554,True,COL 3. 84866 32196,COL 3. 84866 32196,True,True,
131.png,COL 1. 81763 00436,COL 1. 81763 00436,True,COL 2. 01102 90743,COL 2. 01102 90743,True,COL 3. 01418 20824,COL 3. 01418 20824,True,True,
base64decoded (49).png,COL 1. 20174 21190,COL 1. 20174 21190,True,COL 2. 11110 61549,COL 2. 11110 61549,True,COL 3. 61521 14761,COL 3. 61521 14761,True,True,
125.png,COL 1. 85139 17060,COL 1. 85139 17060,True,COL 2. 41034 03741,COL 2. 41034 03741,True,COL 3. 60399 23453,COL 3. 60399 23453,True,True,
119.png,COL 1. 06557 07513,COL 1. 06557 07513,True,COL 2. 70103 00566,COL 2. 70103 00566,True,COL 3. 21545 57901,COL 3. 21545 57901,True,True,
base64decoded (5).png,COL 1. 49371 16131,COL 1. 49371 16131,True,COL 2. 20016 21352,COL 2. 20016 21352,True,COL 3. 20591 93379,COL 3. 20591 93379,True,True,
base64decoded - 2026-01-21T155912.948.png,COL 1. 71303 15123,COL 1. 71303 15123,True,COL 2. 00016 31329,COL 2. 00016 31329,True,COL 3. 10587 94210,COL 3. 10587 94210,True,True,
30.png,COL 1. 05712 64077,COL 1. 05712 64077,True,COL 2. 21104 90771,COL 2. 21104 90771,True,COL 3. 61478 25987,COL 3. 61478 25987,True,True,
base64decoded - 2026-01-21T154259.347.png,COL 1. 57400 16334,COL 1. 57400 16334,True,COL 2. 00065 26452,COL 2. 00065 26452,True,COL 3. 30890 82723,COL 3. 30890 82723,True,True,
base64decoded - 2026-01-21T153038.920.png,COL 1. 74544 36312,COL 1. 74544 36312,True,COL 2. 90019 21558,COL 2. 90019 21558,True,COL 3. 60394 53134,COL 3. 60394 53134,True,True,
base64decoded - 2026-01-21T153208.677.png,COL 1. 42808 93486,COL 1. 42808 93486,True,COL 2. 24443 64850,COL 2. 24443 64850,True,COL 3. 64866 61343,COL 3. 64866 61343,True,True,
247.png,COL 1. 09578 79316,COL 1. 09578 79316,True,COL 2. 61136 63544,COL 2. 61136 63544,True,COL 3. 91523 75332,COL 3. 91523 75332,True,True,
253.png,COL 1. 36503 16463,COL 1. 36503 16463,True,COL 2. 41067 26555,COL 2. 41067 26555,True,COL 3. 60890 13609,COL 3. 60890 13609,True,True,
284.png,COL 1. 68794 20651,COL 1. 68794 20651,True,COL 2. 31112 91748,COL 2. 31112 91748,True,COL 3. 61314 20719,COL 3. 61314 20719,True,True,
base64decoded - 2026-01-21T153257.559.png,COL 1. 26818 14575,COL 1. 26818 14575,True,COL 2. 96107 90872,COL 2. 96107 90872,True,COL 3. 31379 01095,COL 3. 31379 01095,True,True,
290.png,COL 1. 84585 89414,COL 1. 84585 89414,True,COL 2. 41144 64540,COL 2. 41144 64540,True,COL 3. 91826 12187,COL 3. 91826 12187,True,True,
229.jpeg,COL 1. 76789 37175,COL 1. 76789 37175,True,COL 2. 21604 57731,COL 2. 21604 57731,True,COL 3. 66304 23023,COL 3. 66304 23023,True,True,
base64decoded - 2026-01-21T153648.361.png,COL 1. 79539 72234,COL 1. 79539 72234,True,COL 2. 11300 00591,COL 2. 11300 00591,True,COL 3. 93438 18719,COL 3. 93438 18719,True,True,
23.jpeg,COL 1. 52059 28437,COL 1. 52059 28437,True,COL 2. 30042 64476,COL 2. 30042 64476,True,COL 3. 60856 81733,COL 3. 60856 81733,True,True,
291.png,COL 1. 32357 24130,COL 1. 32357 24130,True,COL 2. 31112 91378,COL 2. 31112 91378,True,COL 3. 01374 46694,COL 3. 01374 46694,True,True,
base64decoded - 2026-01-21T161723.675.png,COL 1. 81537 50052,COL 1. 81537 50052,True,COL 2. 01039 20552,COL 2. 01039 20552,True,COL 3. 30399 78529,COL 3. 30399 78529,True,True,
base64decoded - 2026-01-21T153657.905.png,COL 1. 97736 06170,COL 1. 97736 06170,True,COL 2. 21019 21758,COL 2. 21019 21758,True,COL 3. 60394 28772,COL 3. 60394 28772,True,True,
base64decoded (73).png,COL 1. 00183 06105,COL 1. 00183 06105,True,COL 2. 81612 51311,COL 2. 81612 51311,True,COL 3. 06702 44041,COL 3. 06702 44041,True,True,
285.png,COL 1. 38504 46812,COL 1. 38504 46812,True,COL 2. 60063 26556,COL 2. 60063 26556,True,COL 3. 60890 52560,COL 3. 60890 52560,True,True,
base64decoded - 2026-01-21T154233.817.png,COL 1. 27059 62033,COL 1. 27059 62033,True,COL 2. 90105 90473,COL 2. 90105 90473,True,COL 3. 31379 88470,COL 3. 31379 88470,True,True,
252.png,COL 1. 76566 85940,COL 1. 76566 85940,True,COL 2. 41039 33525,COL 2. 41039 33525,True,COL 3. 90583 72038,COL 3. 90583 72038,True,True,
246.png,COL 1. 88590 70717,COL 1. 88590 70717,True,COL 2. 50113 91546,COL 2. 50113 91546,True,COL 3. 21712 57270,COL 3. 21712 57270,True,True,
74.jpeg,COL 1. 92522 40939,COL 1. 92522 40939,True,COL 2. 61137 93540,COL 2. 61137 93540,True,COL 3. 61513 13219,COL 3. 61513 13219,True,True,
base64decoded (24).png,COL 1. 92558 22314,COL 1. 92558 22314,True,COL 2. 31330 03593,COL 2. 31330 03593,True,COL 3. 63533 19550,COL 3. 63533 19550,True,True,
205.jpeg,COL 1. 66037 41166,COL 1. 66037 41166,True,COL 2. 70117 01561,COL 2. 70117 01561,True,COL 3. 01541 55405,COL 3. 01541 55405,True,True,
base64decoded - 2026-01-21T153334.728.png,COL 1. 01359 89337,COL 1. 01359 89337,True,COL 2. 30036 63374,COL 2. 30036 63374,True,COL 3. 20553 98511,COL 3. 20553 98511,True,True,
base64decoded - 2026-01-21T152521.766.png,COL 1. 04803 02344,COL 1. 04803 02344,True,COL 2. 26337 03890,COL 2. 26337 03890,True,COL 3. 93533 06010,COL 3. 93533 06010,True,True,
base64decoded - 2026-01-21T152417.303.png,COL 1. 21513 26530,COL 1. 21513 26530,True,COL 2. 31040 24558,COL 2. 31040 24558,True,COL 3. 90896 15675,COL 3. 90896 15675,True,True,
31.png,COL 1. 33317 50136,COL 1. 33317 50136,True,COL 2. 80117 91342,COL 2. 80117 91342,True,COL 3. 21511 97710,COL 3. 21511 97710,True,True,
9.jpeg,COL 1. 58524 40199,COL 1. 58524 40199,True,COL 2. 11112 91548,COL 2. 11112 91548,True,COL 3. 91712 19369,COL 3. 91712 19369,True,True,
base64decoded (32).png,COL 1. 85403 82587,COL 1. 85403 82587,True,COL 2. 60315 01492,COL 2. 60315 01492,True,COL 3. 33531 87551,COL 3. 33531 87551,True,True,
base64decoded - 2026-01-21T154825.564.png,COL 1. 94537 51780,COL 1. 94537 51780,True,COL 2. 31136 03560,COL 2. 31136 03560,True,COL 3. 21543 75301,COL 3. 21543 75301,True,True,
124.png,COL 1. 29592 60156,COL 1. 29592 60156,True,COL 2. 01117 91541,COL 2. 01117 91541,True,COL 3. 51517 76527,COL 3. 51517 76527,True,True,
base64decoded - 2026-01-21T151921.456.png,COL 1. 43570 26390,COL 1. 43570 26390,True,COL 2. 01000 20551,COL 2. 01000 20551,True,COL 3. 90399 16429,COL 3. 90399 16429,True,True,
base64decoded (65).png,COL 1. 81494 20104,COL 1. 81494 20104,True,COL 2. 20115 91441,COL 2. 20115 91441,True,COL 3. 81511 88589,COL 3. 81511 88589,True,True,
base64decoded - 2026-01-21T163724.455.png,COL 1. 55572 05133,COL 1. 55572 05133,True,COL 2. 53050 31521,COL 2. 53050 31521,True,COL 3. 80587 39046,COL 3. 80587 39046,True,True,
base64decoded - 2026-01-21T161406.178.jpeg,COL 1. 25823 17728,COL 1. 25823 17728,True,COL 2. 04656 50814,COL 2. 04656 50814,True,COL 3. 66505 62931,COL 3. 66505 62931,True,True,
25.jpg,COL 1. 02525 67458,COL 1. 02525 67458,True,COL 2. 90644 54518,COL 2. 90644 54518,True,COL 3. 76806 52123,COL 3. 76806 52123,True,True,
326.png,COL 1. 41761 03452,COL 1. 41761 03452,True,COL 2. 11412 61751,COL 2. 11412 61751,True,COL 3. 84762 27482,COL 3. 84762 27482,True,True,
332.png,COL 1. 32056 80338,COL 1. 32056 80338,True,COL 2. 10139 93473,COL 2. 10139 93473,True,COL 3. 21573 85701,COL 3. 21573 85701,True,True,
42.jpg,COL 1. 56657 76452,COL 1. 56657 76452,True,COL 2. 66141 94876,COL 2. 66141 94876,True,COL 3. 31876 03166,COL 3. 31876 03166,True,True,
base64decoded - 2026-01-21T160201.647.png,COL 1. 85541 39664,COL 1. 85541 39664,True,COL 2. 70069 66576,COL 2. 70069 66576,True,COL 3. 20850 51701,COL 3. 20850 51701,True,True,
369.png,COL 1. 36334 26134,COL 1. 36334 26134,True,COL 2. 91016 21351,COL 2. 91016 21351,True,COL 3. 00792 47872,COL 3. 00792 47872,True,True,
base64decoded (81).png,COL 1. 31529 17514,COL 1. 31529 17514,True,COL 2. 71634 53510,COL 2. 71634 53510,True,COL 3. 86503 70561,COL 3. 86503 70561,True,True,
base64decoded - 2026-01-21T162310.870.png,COL 1. 56842 79680,COL 1. 56842 79680,True,COL 2. 34086 66872,COL 2. 34086 66872,True,COL 3. 60850 67016,COL 3. 60850 67016,True,True,
355.png,COL 1. 19486 64837,COL 1. 19486 64837,True,COL 2. 80149 94474,COL 2. 80149 94474,True,COL 3. 31876 89663,COL 3. 31876 89663,True,True,
341.png,COL 1. 91512 55890,COL 1. 91512 55890,True,COL 2. 71014 31520,COL 2. 71014 31520,True,COL 3. 90587 18191,COL 3. 90587 18191,True,True,
base64decoded - 2026-01-21T155922.558.png,COL 1. 99586 69114,COL 1. 99586 69114,True,COL 2. 41014 61575,COL 2. 41014 61575,True,COL 3. 90557 79647,COL 3. 90557 79647,True,True,
396.png,COL 1. 64359 05607,COL 1. 64359 05607,True,COL 2. 53169 96548,COL 2. 53169 96548,True,COL 3. 01810 36265,COL 3. 01810 36265,True,True,
382.png,COL 1. 25580 83815,COL 1. 25580 83815,True,COL 2. 23469 66556,COL 2. 23469 66556,True,COL 3. 04860 38674,COL 3. 04860 38674,True,True,
base64decoded - 2026-01-21T161758.765.png,COL 1. 99855 43149,COL 1. 99855 43149,True,COL 2. 64113 91848,COL 2. 64113 91848,True,COL 3. 61314 62084,COL 3. 61314 62084,True,True,
81.png,COL 1. 89896 04685,COL 1. 89896 04685,True,COL 2. 66160 96876,COL 2. 66160 96876,True,COL 3. 51870 07521,COL 3. 51870 07521,True,True,
157.png,COL 1. 02159 41407,COL 1. 02159 41407,True,COL 2. 81342 04394,COL 2. 81342 04394,True,COL 3. 43836 48046,COL 3. 43836 48046,True,True,
86.jpeg,COL 1. 19307 25032,COL 1. 19307 25032,True,COL 2. 90008 30326,COL 2. 90008 30326,True,COL 3. 90585 95394,COL 3. 90585 95394,True,True,
2.jpeg,COL 1. 28890 34067,COL 1. 28890 34067,True,COL 2. 34101 90873,COL 2. 34101 90873,True,COL 3. 61379 66288,COL 3. 61379 66288,True,True,
143.png,COL 1. 28305 84038,COL 1. 28305 84038,True,COL 2. 40108 90370,COL 2. 40108 90370,True,COL 3. 61379 97650,COL 3. 61379 97650,True,True,
base64decoded - 2026-01-21T154326.942.png,COL 1. 62816 49057,COL 1. 62816 49057,True,COL 2. 94103 60841,COL 2. 94103 60841,True,COL 3. 61428 63782,COL 3. 61428 63782,True,True,
56.png,COL 1. 54517 60536,COL 1. 54517 60536,True,COL 2. 41147 94544,COL 2. 41147 94544,True,COL 3. 91816 74179,COL 3. 91816 74179,True,True,
base64decoded - 2026-01-21T161110.961.png,COL 1. 71519 85764,COL 1. 71519 85764,True,COL 2. 60019 31521,COL 2. 60019 31521,True,COL 3. 20782 50865,COL 3. 20782 50865,True,True,
194.png,COL 1. 50847 23181,COL 1. 50847 23181,True,COL 2. 74417 61851,COL 2. 74417 61851,True,COL 3. 14561 61028,COL 3. 14561 61028,True,True,
base64decoded - 2026-01-21T162421.579.jfif,COL 1. 02078 05027,COL 1. 02078 05027,True,COL 2. 50108 60342,COL 2. 50108 60342,True,COL 3. 91329 99636,COL 3. 91329 99636,True,True,
base64decoded - 2026-01-21T163603.052.png,COL 1. 76310 30159,COL 1. 76310 30159,True,COL 2. 00172 91346,COL 2. 00172 91346,True,COL 3. 71712 93386,COL 3. 71712 93386,True,True,
180.png,COL 1. 17587 67151,COL 1. 17587 67151,True,COL 2. 51616 51510,COL 2. 51616 51510,True,COL 3. 96507 72636,COL 3. 96507 72636,True,True,
90.jpeg,COL 1. 73347 39506,COL 1. 73347 39506,True,COL 2. 50018 61378,COL 2. 50018 61378,True,COL 3. 20752 98296,COL 3. 20752 98296,True,True,
base64decoded - 2026-01-21T160628.337.png,COL 1. 98537 45059,COL 1. 98537 45059,True,COL 2. 60003 30524,COL 2. 60003 30524,True,COL 3. 60585 56987,COL 3. 60585 56987,True,True,
base64decoded - 2026-01-21T161859.244.png,COL 1. 76459 05060,COL 1. 76459 05060,True,COL 2. 04036 60871,COL 2. 04036 60871,True,COL 3. 60359 66480,COL 3. 60359 66480,True,True,
base64decoded (97).png,COL 1. 25159 82168,COL 1. 25159 82168,True,COL 2. 11119 91773,COL 2. 11119 91773,True,COL 3. 61374 29335,COL 3. 61374 29335,True,True,
base64decoded - 2026-01-21T154556.277.png,COL 1. 07582 63196,COL 1. 07582 63196,True,COL 2. 91410 61551,COL 2. 91410 61551,True,COL 3. 64762 19444,COL 3. 64762 19444,True,True,
base64decoded - 2026-01-21T153625.816.png,COL 1. 77707 26451,COL 1. 77707 26451,True,COL 2. 21019 21752,COL 2. 21019 21752,True,COL 3. 60591 28095,COL 3. 60591 28095,True,True,
base64decoded - 2026-01-21T164206.404.jpeg,COL 1. 02854 49490,COL 1. 02854 49490,True,COL 2. 16145 60840,COL 2. 16145 60840,True,COL 3. 51428 03612,COL 3. 51428 03612,True,True,
221.png,COL 1. 53319 37614,COL 1. 53319 37614,True,COL 2. 01162 06368,COL 2. 01162 06368,True,COL 3. 01840 45359,COL 3. 01840 45359,True,True,
base64decoded (78).png,COL 1. 42867 27891,COL 1. 42867 27891,True,COL 2. 44647 54816,COL 2. 44647 54816,True,COL 3. 16806 66155,COL 3. 16806 66155,True,True,
base64decoded - 2026-01-21T152951.512.png,COL 1. 30086 10365,COL 1. 30086 10365,True,COL 2. 40439 63554,COL 2. 40439 63554,True,COL 3. 64563 53281,COL 3. 64563 53281,True,True,
base64decoded - 2026-01-21T162226.421.png,COL 1. 13489 42068,COL 1. 13489 42068,True,COL 2. 24443 44810,COL 2. 24443 44810,True,COL 3. 64468 66329,COL 3. 64468 66329,True,True,
base64decoded - 2026-01-21T163713.742.png,COL 1. 54467 60539,COL 1. 54467 60539,True,COL 2. 00153 90444,COL 2. 00153 90444,True,COL 3. 31515 80293,COL 3. 31515 80293,True,True,
220.png,COL 1. 87542 17881,COL 1. 87542 17881,True,COL 2. 81047 34520,COL 2. 81047 34520,True,COL 3. 90886 12121,COL 3. 90886 12121,True,True,
208.png,COL 1. 01521 89192,COL 1. 01521 89192,True,COL 2. 71016 61579,COL 2. 71016 61579,True,COL 3. 80557 70870,COL 3. 80557 70870,True,True,
base64decoded (54).png,COL 1. 42589 57410,COL 1. 42589 57410,True,COL 2. 21100 00561,COL 2. 21100 00561,True,COL 3. 91448 12782,COL 3. 91448 12782,True,True,
base64decoded - 2026-01-21T162112.844.jpeg,COL 1. 44849 83687,COL 1. 44849 83687,True,COL 2. 56467 66856,COL 2. 56467 66856,True,COL 3. 54860 02630,COL 3. 54860 02630,True,True,
base64decoded - 2026-01-21T155401.019.png,COL 1. 35853 22353,COL 1. 35853 22353,True,COL 2. 54363 06895,COL 2. 54363 06895,True,COL 3. 13830 65362,COL 3. 13830 65362,True,True,
base64decoded - 2026-01-21T161751.217.png,COL 1. 99855 43149,COL 1. 99855 43149,True,COL 2. 64113 91848,COL 2. 64113 91848,True,COL 3. 61314 62084,COL 3. 61314 62084,True,True,
base64decoded - 2026-01-21T160701.488.png,COL 1. 12701 63662,COL 1. 12701 63662,True,COL 2. 41467 66752,COL 2. 41467 66752,True,COL 3. 64860 20338,COL 3. 64860 20338,True,True,
181.png,COL 1. 90558 79131,COL 1. 90558 79131,True,COL 2. 53016 61579,COL 2. 53016 61579,True,COL 3. 40557 38331,COL 3. 40557 38331,True,True,
base64decoded (42).png,COL 1. 90315 90599,COL 1. 90315 90599,True,COL 2. 81117 91341,COL 2. 81117 91341,True,COL 3. 01517 48631,COL 3. 01517 48631,True,True,
base64decoded - 2026-01-21T161356.819.jpeg,COL 1. 53549 12018,COL 1. 53549 12018,True,COL 2. 51300 00590,COL 2. 51300 00590,True,COL 3. 63535 10714,COL 3. 63535 10714,True,True,
12.jpeg,COL 1. 43839 96482,COL 1. 43839 96482,True,COL 2. 14045 24854,COL 2. 14045 24854,True,COL 3. 80896 64530,COL 3. 80896 64530,True,True,
57.png,COL 1. 58506 67581,COL 1. 58506 67581,True,COL 2. 70147 04566,COL 2. 70147 04566,True,COL 3. 21846 58756,COL 3. 21846 58756,True,True,
142.png,COL 1. 28457 72168,COL 1. 28457 72168,True,COL 2. 24017 61871,COL 2. 24017 61871,True,COL 3. 60551 62182,COL 3. 60551 62182,True,True,
156.png,COL 1. 02818 59591,COL 1. 02818 59591,True,COL 2. 74137 63844,COL 2. 74137 63844,True,COL 3. 61523 66514,COL 3. 61523 66514,True,True,
80.png,COL 1. 74585 67098,COL 1. 74585 67098,True,COL 2. 81106 00561,COL 2. 81106 00561,True,COL 3. 91349 76796,COL 3. 91349 76796,True,True,
base64decoded - 2026-01-21T154604.563.png,COL 1. 67586 67154,COL 1. 67586 67154,True,COL 2. 53112 01560,COL 2. 53112 01560,True,COL 3. 81344 31348,COL 3. 81344 31348,True,True,
94.png,COL 1. 18543 52055,COL 1. 18543 52055,True,COL 2. 40303 00593,COL 2. 40303 00593,True,COL 3. 63339 53119,COL 3. 63339 53119,True,True,
383.png,COL 1. 71587 79565,COL 1. 71587 79565,True,COL 2. 10013 61579,COL 2. 10013 61579,True,COL 3. 20557 58610,COL 3. 20557 58610,True,True,
base64decoded (15).png,COL 1. 14517 36161,COL 1. 14517 36161,True,COL 2. 30012 21550,COL 2. 30012 21550,True,COL 3. 60597 56736,COL 3. 60597 56736,True,True,
base64decoded - 2026-01-21T153227.177.png,COL 1. 27536 12233,COL 1. 27536 12233,True,COL 2. 41304 00594,COL 2. 41304 00594,True,COL 3. 56438 73890,COL 3. 56438 73890,True,True,
340.png,COL 1. 75801 97623,COL 1. 75801 97623,True,COL 2. 64117 01861,COL 2. 64117 01861,True,COL 3. 61344 67598,COL 3. 61344 67598,True,True,
234.jpeg,COL 1. 74329 79135,COL 1. 74329 79135,True,COL 2. 00095 64329,COL 2. 00095 64329,True,COL 3. 40557 97854,COL 3. 40557 97854,True,True,
base64decoded - 2026-01-21T160854.593.png,COL 1. 97513 06531,COL 1. 97513 06531,True,COL 2. 61044 24554,COL 2. 61044 24554,True,COL 3. 90896 75132,COL 3. 90896 75132,True,True,
354.png,COL 1. 87310 65661,COL 1. 87310 65661,True,COL 2. 90018 31320,COL 2. 90018 31320,True,COL 3. 60384 96048,COL 3. 60384 96048,True,True,
base64decoded - 2026-01-21T151810.203.png,COL 1. 91187 94165,COL 1. 91187 94165,True,COL 2. 51619 51711,COL 2. 51619 51711,True,COL 3. 66507 27302,COL 3. 66507 27302,True,True,
5.jpg,COL 1. 19507 49163,COL 1. 19507 49163,True,COL 2. 90017 61572,COL 2. 90017 61572,True,COL 3. 60551 50036,COL 3. 60551 50036,True,True,
21.jfif,COL 1. 62139 07098,COL 1. 62139 07098,True,COL 2. 61133 13540,COL 2. 61133 13540,True,COL 3. 91349 70115,COL 3. 91349 70115,True,True,
368.png,COL 1. 36326 50038,COL 1. 36326 50038,True,COL 2. 61102 90340,COL 2. 61102 90340,True,COL 3. 41418 48606,COL 3. 41418 48606,True,True,
7.jpg,COL 1. 91157 06196,COL 1. 91157 06196,True,COL 2. 01317 01591,COL 2. 01317 01591,True,COL 3. 33531 75063,COL 3. 33531 75063,True,True,
base64decoded - 2026-01-21T160229.942.png,COL 1. 80451 85066,COL 1. 80451 85066,True,COL 2. 34002 60870,COL 2. 34002 60870,True,COL 3. 60555 62809,COL 3. 60555 62809,True,True,
base64decoded - 2026-01-21T153732.177.png,COL 1. 75659 37350,COL 1. 75659 37350,True,COL 2. 66337 03893,COL 2. 66337 03893,True,COL 3. 53533 04059,COL 3. 53533 04059,True,True,
342.png,COL 1. 23517 86782,COL 1. 23517 86782,True,COL 2. 11017 21557,COL 2. 11017 21557,True,COL 3. 90792 11169,COL 3. 90792 11169,True,True,
356.png,COL 1. 46883 37088,COL 1. 46883 37088,True,COL 2. 86602 50816,COL 2. 86602 50816,True,COL 3. 36505 00924,COL 3. 36505 00924,True,True,
381.png,COL 1. 97880 02790,COL 1. 97880 02790,True,COL 2. 46310 01897,COL 2. 46310 01897,True,COL 3. 33732 00118,COL 3. 33732 00118,True,True,
base64decoded (62).png,COL 1. 99501 93351,COL 1. 99501 93351,True,COL 2. 30437 63553,COL 2. 30437 63553,True,COL 3. 24563 56080,COL 3. 24563 56080,True,True,
395.png,COL 1. 25817 97183,COL 1. 25817 97183,True,COL 2. 66113 01861,COL 2. 66113 01861,True,COL 3. 51742 04347,COL 3. 51742 04347,True,True,
base64decoded - 2026-01-21T162140.755.png,COL 1. 71638 48054,COL 1. 71638 48054,True,COL 2. 46145 00860,COL 2. 46145 00860,True,COL 3. 51448 05894,COL 3. 51448 05894,True,True,
168.png,COL 1. 46506 32675,COL 1. 46506 32675,True,COL 2. 40363 06595,COL 2. 40363 06595,True,COL 3. 53830 58393,COL 3. 53830 58393,True,True,
base64decoded - 2026-01-21T160327.037.png,COL 1. 94557 87673,COL 1. 94557 87673,True,COL 2. 30669 56512,COL 2. 30669 56512,True,COL 3. 66800 50791,COL 3. 66800 50791,True,True,
140.png,COL 1. 58317 26162,COL 1. 58317 26162,True,COL 2. 30068 26355,COL 2. 30068 26355,True,COL 3. 85890 96880,COL 3. 85890 96880,True,True,
154.png,COL 1. 19159 50309,COL 1. 19159 50309,True,COL 2. 21132 93344,COL 2. 21132 93344,True,COL 3. 01513 43557,COL 3. 01513 43557,True,True,
55.png,COL 1. 74543 23030,COL 1. 74543 23030,True,COL 2. 43005 30524,COL 2. 43005 30524,True,COL 3. 80488 32019,COL 3. 80488 32019,True,True,
base64decoded - 2026-01-21T163636.190.png,COL 1. 05312 64670,COL 1. 05312 64670,True,COL 2. 01112 91373,COL 2. 01112 91373,True,COL 3. 01374 49293,COL 3. 01374 49293,True,True,
65.jpeg,COL 1. 61469 47440,COL 1. 61469 47440,True,COL 2. 90649 54414,COL 2. 90649 54414,True,COL 3. 66806 85808,COL 3. 66806 85808,True,True,
183.png,COL 1. 20517 39056,COL 1. 20517 39056,True,COL 2. 41106 60540,COL 2. 41106 60540,True,COL 3. 81428 72936,COL 3. 81428 72936,True,True,
base64decoded (35).png,COL 1. 16547 83736,COL 1. 16547 83736,True,COL 2. 81409 60556,COL 2. 81409 60556,True,COL 3. 64565 11149,COL 3. 64565 11149,True,True,
base64decoded - 2026-01-21T163951.095.png,COL 1. 24513 49566,COL 1. 24513 49566,True,COL 2. 50156 61541,COL 2. 50156 61541,True,COL 3. 11521 59937,COL 3. 11521 59937,True,True,
69.png,COL 1. 90300 75632,COL 1. 90300 75632,True,COL 2. 40067 36326,COL 2. 40067 36326,True,COL 3. 40880 91233,COL 3. 40880 91233,True,True,
17.jfif,COL 1. 74505 93450,COL 1. 74505 93450,True,COL 2. 01444 64550,COL 2. 01444 64550,True,COL 3. 94866 16864,COL 3. 94866 16864,True,True,
118.jfif,COL 1. 67564 49154,COL 1. 67564 49154,True,COL 2. 13116 61546,COL 2. 13116 61546,True,COL 3. 61722 39365,COL 3. 61722 39365,True,True,
222.png,COL 1. 24728 00559,COL 1. 24728 00559,True,COL 2. 81102 90740,COL 2. 81102 90740,True,COL 3. 71319 25521,COL 3. 71319 25521,True,True,
base64decoded - 2026-01-21T153553.183.png,COL 1. 30506 54313,COL 1. 30506 54313,True,COL 2. 81134 93570,COL 2. 81134 93570,True,COL 3. 61573 73739,COL 3. 61573 73739,True,True,
base64decoded (74).png,COL 1. 10500 44485,COL 1. 10500 44485,True,COL 2. 10119 91572,COL 2. 10119 91572,True,COL 3. 61571 50011,COL 3. 61571 50011,True,True,
base64decoded - 2026-01-21T161703.871.png,COL 1. 87822 56891,COL 1. 87822 56891,True,COL 2. 04063 26856,COL 2. 04063 26856,True,COL 3. 60890 65476,COL 3. 60890 65476,True,True,
193.jpeg,COL 1. 84159 40091,COL 1. 84159 40091,True,COL 2. 31102 90344,COL 2. 31102 90344,True,COL 3. 41418 49749,COL 3. 41418 49749,True,True,
base64decoded - 2026-01-21T164259.147.jpeg,COL 1. 98440 73601,COL 1. 98440 73601,True,COL 2. 80483 66455,COL 2. 80483 66455,True,COL 3. 25860 87446,COL 3. 25860 87446,True,True,
223.png,COL 1. 36550 37401,COL 1. 36550 37401,True,COL 2. 00103 00560,COL 2. 00103 00560,True,COL 3. 51448 55584,COL 3. 51448 55584,True,True,
base64decoded - 2026-01-21T153940.431.png,COL 1. 65507 86454,COL 1. 65507 86454,True,COL 2. 10049 24556,COL 2. 10049 24556,True,COL 3. 80896 52541,COL 3. 80896 52541,True,True,
base64decoded - 2026-01-21T153325.012.png,COL 1. 26503 69051,COL 1. 26503 69051,True,COL 2. 23009 60576,COL 2. 23009 60576,True,COL 3. 40555 38433,COL 3. 40555 38433,True,True,
base64decoded (58).png,COL 1. 23531 44561,COL 1. 23531 44561,True,COL 2. 10119 91570,COL 2. 10119 91570,True,COL 3. 61577 57897,COL 3. 61577 57897,True,True,
base64decoded - 2026-01-21T153948.999.png,COL 1. 87503 46601,COL 1. 87503 46601,True,COL 2. 23068 26552,COL 2. 23068 26552,True,COL 3. 00890 34369,COL 3. 00890 34369,True,True,
base64decoded - 2026-01-21T153741.826.png,COL 1. 75748 53532,COL 1. 75748 53532,True,COL 2. 61414 61759,COL 2. 61414 61759,True,COL 3. 04567 21822,COL 3. 04567 21822,True,True,
base64decoded - 2026-01-21T160210.720.png,COL 1. 29524 77065,COL 1. 29524 77065,True,COL 2. 40619 51511,COL 2. 40619 51511,True,COL 3. 66702 52342,COL 3. 66702 52342,True,True,
68.png,COL 1. 34757 32753,COL 1. 34757 32753,True,COL 2. 31304 00796,COL 2. 31304 00796,True,COL 3. 03535 26852,COL 3. 03535 26852,True,True,
196.png,COL 1. 48562 99035,COL 1. 48562 99035,True,COL 2. 03006 60570,COL 2. 03006 60570,True,COL 3. 03555 35370,COL 3. 03555 35370,True,True,
base64decoded - 2026-01-21T155317.826.png,COL 1. 91766 47996,COL 1. 91766 47996,True,COL 2. 21639 53714,COL 2. 21639 53714,True,COL 3. 66503 25026,COL 3. 66503 25026,True,True,
182.png,COL 1. 92852 02089,COL 1. 92852 02089,True,COL 2. 46300 00891,COL 2. 46300 00891,True,COL 3. 53438 04484,COL 3. 53438 04484,True,True,
base64decoded (2).png,COL 1. 46847 52184,COL 1. 46847 52184,True,COL 2. 66317 01892,COL 2. 66317 01892,True,COL 3. 53531 06855,COL 3. 53531 06855,True,True,
54.png,COL 1. 97556 02158,COL 1. 97556 02158,True,COL 2. 61314 01590,COL 2. 61314 01590,True,COL 3. 93537 16365,COL 3. 93537 16365,True,True,
40.png,COL 1. 67420 60531,COL 1. 67420 60531,True,COL 2. 60132 93440,COL 2. 60132 93440,True,COL 3. 61513 82546,COL 3. 61513 82546,True,True,
155.png,COL 1. 65385 30401,COL 1. 65385 30401,True,COL 2. 13448 64556,COL 2. 13448 64556,True,COL 3. 94866 36723,COL 3. 94866 36723,True,True,
141.png,COL 1. 96419 05334,COL 1. 96419 05334,True,COL 2. 30039 33424,COL 2. 30039 33424,True,COL 3. 30583 81649,COL 3. 30583 81649,True,True,
97.png,COL 1. 31785 49336,COL 1. 31785 49336,True,COL 2. 91102 60740,COL 2. 91102 60740,True,COL 3. 54329 22998,COL 3. 54329 22998,True,True,
169.png,COL 1. 64516 80106,COL 1. 64516 80106,True,COL 2. 90113 91541,COL 2. 90113 91541,True,COL 3. 21517 51993,COL 3. 21517 51993,True,True,
83.png,COL 1. 16344 12605,COL 1. 16344 12605,True,COL 2. 61316 01391,COL 2. 61316 01391,True,COL 3. 43531 40032,COL 3. 43531 40032,True,True,
394.png,COL 1. 36562 17705,COL 1. 36562 17705,True,COL 2. 41604 50515,COL 2. 41604 50515,True,COL 3. 96505 12414,COL 3. 96505 12414,True,True,
base64decoded - 2026-01-21T161508.314.jpeg,COL 1. 47507 64050,COL 1. 47507 64050,True,COL 2. 30109 90570,COL 2. 30109 90570,True,COL 3. 61575 58979,COL 3. 61575 58979,True,True,
base64decoded - 2026-01-21T153819.705.png,COL 1. 97507 03168,COL 1. 97507 03168,True,COL 2. 00419 61551,COL 2. 00419 61551,True,COL 3. 24567 56124,COL 3. 24567 56124,True,True,
238.jpeg,COL 1. 18039 77467,COL 1. 18039 77467,True,COL 2. 60067 23540,COL 2. 60067 23540,True,COL 3. 60896 54606,COL 3. 60896 54606,True,True,
380.png,COL 1. 17357 57252,COL 1. 17357 57252,True,COL 2. 91608 50311,COL 2. 91608 50311,True,COL 3. 06408 43958,COL 3. 06408 43958,True,True,
base64decoded - 2026-01-21T163645.779.png,COL 1. 24807 63444,COL 1. 24807 63444,True,COL 2. 54486 64856,COL 2. 54486 64856,True,COL 3. 54866 66298,COL 3. 54866 66298,True,True,
357.png,COL 1. 38452 56000,COL 1. 38452 56000,True,COL 2. 70029 60472,COL 2. 70029 60472,True,COL 3. 10359 84513,COL 3. 10359 84513,True,True,
base64decoded (19).png,COL 1. 69157 31461,COL 1. 69157 31461,True,COL 2. 01149 94740,COL 2. 01149 94740,True,COL 3. 61816 29447,COL 3. 61816 29447,True,True,
343.png,COL 1. 50189 43094,COL 1. 50189 43094,True,COL 2. 01406 60551,COL 2. 01406 60551,True,COL 3. 94468 10080,COL 3. 94468 10080,True,True,
base64decoded - 2026-01-21T161653.825.png,COL 1. 62432 27503,COL 1. 62432 27503,True,COL 2. 70135 03460,COL 2. 70135 03460,True,COL 3. 61543 86971,COL 3. 61543 86971,True,True,
347.png,COL 1. 06457 64031,COL 1. 06457 64031,True,COL 2. 70104 90476,COL 2. 70104 90476,True,COL 3. 61575 89360,COL 3. 61575 89360,True,True,
base64decoded - 2026-01-21T164055.027.jfif,COL 1. 19529 09946,COL 1. 19529 09946,True,COL 2. 71059 63575,COL 2. 71059 63575,True,COL 3. 90553 72584,COL 3. 90553 72584,True,True,
base64decoded (18).png,COL 1. 17362 77103,COL 1. 17362 77103,True,COL 2. 30616 51311,COL 2. 30616 51311,True,COL 3. 46304 95625,COL 3. 46304 95625,True,True,
353.png,COL 1. 89816 35731,COL 1. 89816 35731,True,COL 2. 14007 30824,COL 2. 14007 30824,True,COL 3. 60585 67993,COL 3. 60585 67993,True,True,
base64decoded - 2026-01-21T155025.559.png,COL 1. 91319 06303,COL 1. 91319 06303,True,COL 2. 60036 23355,COL 2. 60036 23355,True,COL 3. 20593 91396,COL 3. 20593 91396,True,True,
base64decoded - 2026-01-21T164510.579.jfif,COL 1. 66517 90117,COL 1. 66517 90117,True,COL 2. 51179 91548,COL 2. 51179 91548,True,COL 3. 91712 74065,COL 3. 91712 74065,True,True,
base64decoded - 2026-01-21T153352.806.png,COL 1. 55405 04580,COL 1. 55405 04580,True,COL 2. 20115 91472,COL 2. 20115 91472,True,COL 3. 31571 87310,COL 3. 31571 87310,True,True,
384.png,COL 1. 27318 20427,COL 1. 27318 20427,True,COL 2. 00148 94348,COL 2. 00148 94348,True,COL 3. 21816 95300,COL 3. 21816 95300,True,True,
base64decoded - 2026-01-21T154630.311.png,COL 1. 02556 54508,COL 1. 02556 54508,True,COL 2. 13132 93573,COL 2. 13132 93573,True,COL 3. 01573 31654,COL 3. 01573 31654,True,True,
390.png,COL 1. 27458 02108,COL 1. 27458 02108,True,COL 2. 64312 01899,COL 2. 64312 01899,True,COL 3. 13531 60539,COL 3. 13531 60539,True,True,
base64decoded - 2026-01-21T154947.214.png,COL 1. 36583 23610,COL 1. 36583 23610,True,COL 2. 81460 66552,COL 2. 81460 66552,True,COL 3. 94860 12221,COL 3. 94860 12221,True,True,
145.png,COL 1. 18806 26384,COL 1. 18806 26384,True,COL 2. 84037 23854,COL 2. 84037 23854,True,COL 3. 60593 61723,COL 3. 60593 61723,True,True,
151.png,COL 1. 66738 12793,COL 1. 66738 12793,True,COL 2. 51312 01799,COL 2. 51312 01799,True,COL 3. 03537 29454,COL 3. 03537 29454,True,True,
87.png,COL 1. 57432 20439,COL 1. 57432 20439,True,COL 2. 40119 91443,COL 2. 40119 91443,True,COL 3. 31314 81073,COL 3. 31314 81073,True,True,
179.png,COL 1. 49156 80199,COL 1. 49156 80199,True,COL 2. 11116 91543,COL 2. 11116 91543,True,COL 3. 91314 70909,COL 3. 91314 70909,True,True,
93.png,COL 1. 38366 53597,COL 1. 38366 53597,True,COL 2. 90415 61351,COL 2. 90415 61351,True,COL 3. 24561 98087,COL 3. 24561 98087,True,True,
78.png,COL 1. 64512 55137,COL 1. 64512 55137,True,COL 2. 73019 31528,COL 2. 73019 31528,True,COL 3. 00782 38562,COL 3. 00782 38562,True,True,
186.png,COL 1. 98502 54193,COL 1. 98502 54193,True,COL 2. 21117 91576,COL 2. 21117 91576,True,COL 3. 61772 17030,COL 3. 61772 17030,True,True,
192.png,COL 1. 42527 30156,COL 1. 42527 30156,True,COL 2. 60113 91540,COL 2. 60113 91540,True,COL 3. 61517 50777,COL 3. 61517 50777,True,True,
44.png,COL 1. 80524 87159,COL 1. 80524 87159,True,COL 2. 20617 51513,COL 2. 20617 51513,True,COL 3. 66304 54309,COL 3. 66304 54309,True,True,
base64decoded - 2026-01-21T153306.421.png,COL 1. 79509 85059,COL 1. 79509 85059,True,COL 2. 91000 30520,COL 2. 91000 30520,True,COL 3. 60389 15064,COL 3. 60389 15064,True,True,
base64decoded (59).png,COL 1. 12374 82813,COL 1. 12374 82813,True,COL 2. 41347 04390,COL 2. 41347 04390,True,COL 3. 03836 46367,COL 3. 03836 46367,True,True,
base64decoded - 2026-01-21T155839.573.png,COL 1. 50805 42737,COL 1. 50805 42737,True,COL 2. 74303 00896,COL 2. 74303 00896,True,COL 3. 23535 62742,COL 3. 23535 62742,True,True,
82.jfif,COL 1. 36582 07153,COL 1. 36582 07153,True,COL 2. 81614 51510,COL 2. 81614 51510,True,COL 3. 66304 16426,COL 3. 66304 16426,True,True,
base64decoded - 2026-01-21T164020.162.jpeg,COL 1. 34502 73051,COL 1. 34502 73051,True,COL 2. 91449 60550,COL 2. 91449 60550,True,COL 3. 64468 19694,COL 3. 64468 19694,True,True,
227.png,COL 1. 65565 55530,COL 1. 65565 55530,True,COL 2. 01006 30523,COL 2. 01006 30523,True,COL 3. 90389 78176,COL 3. 90389 78176,True,True,
base64decoded - 2026-01-21T155212.904.png,COL 1. 69037 73420,COL 1. 69037 73420,True,COL 2. 70146 04366,COL 2. 70146 04366,True,COL 3. 41846 93932,COL 3. 41846 93932,True,True,
base64decoded - 2026-01-21T154527.589.png,COL 1. 62742 83175,COL 1. 62742 83175,True,COL 2. 91419 61758,COL 2. 91419 61758,True,COL 3. 64364 26441,COL 3. 64364 26441,True,True,
base64decoded - 2026-01-21T153714.788.png,COL 1. 31561 60829,COL 1. 31561 60829,True,COL 2. 01144 94544,COL 2. 01144 94544,True,COL 3. 31816 78717,COL 3. 31816 78717,True,True,
base64decoded - 2026-01-21T161742.107.png,COL 1. 73802 52543,COL 1. 73802 52543,True,COL 2. 86335 00890,COL 2. 86335 00890,True,COL 3. 53339 02935,COL 3. 53339 02935,True,True,
base64decoded - 2026-01-21T161526.077.jpeg,COL 1. 97511 54818,COL 1. 97511 54818,True,COL 2. 53162 96575,COL 2. 53162 96575,True,COL 3. 57870 30837,COL 3. 57870 30837,True,True,
base64decoded (75).png,COL 1. 52686 14161,COL 1. 52686 14161,True,COL 2. 16417 61850,COL 2. 16417 61850,True,COL 3. 04364 01475,COL 3. 04364 01475,True,True,
base64decoded - 2026-01-21T164518.946.jfif,COL 1. 68503 39655,COL 1. 68503 39655,True,COL 2. 71089 66572,COL 2. 71089 66572,True,COL 3. 90850 76433,COL 3. 90850 76433,True,True,
base64decoded (22).png,COL 1. 30052 80165,COL 1. 30052 80165,True,COL 2. 80013 61571,COL 2. 80013 61571,True,COL 3. 50557 57466,COL 3. 50557 57466,True,True,
16.jfif,COL 1. 46808 85899,COL 1. 46808 85899,True,COL 2. 26061 36826,COL 2. 26061 36826,True,COL 3. 42880 00743,COL 3. 42880 00743,True,True,
base64decoded - 2026-01-21T160925.582.png,COL 1. 64153 15465,COL 1. 64153 15465,True,COL 2. 51149 94774,COL 2. 51149 94774,True,COL 3. 61876 20201,COL 3. 61876 20201,True,True,
51.png,COL 1. 68547 25050,COL 1. 68547 25050,True,COL 2. 70007 30520,COL 2. 70007 30520,True,COL 3. 60585 50641,COL 3. 60585 50641,True,True,
45.png,COL 1. 24401 64563,COL 1. 24401 64563,True,COL 2. 50112 91471,COL 2. 50112 91471,True,COL 3. 31374 88575,COL 3. 31374 88575,True,True,
base64decoded - 2026-01-21T161714.766.png,COL 1. 61181 98090,COL 1. 61181 98090,True,COL 2. 71659 50510,COL 2. 71659 50510,True,COL 3. 96505 16417,COL 3. 96505 16417,True,True,
base64decoded - 2026-01-21T160220.164.png,COL 1. 79585 07810,COL 1. 79585 07810,True,COL 2. 13142 04560,COL 2. 13142 04560,True,COL 3. 01846 33576,COL 3. 01846 33576,True,True,
base64decoded (34).png,COL 1. 76812 80187,COL 1. 76812 80187,True,COL 2. 44113 91845,COL 2. 44113 91845,True,COL 3. 61517 65680,COL 3. 61517 65680,True,True,
187.png,COL 1. 18347 22503,COL 1. 18347 22503,True,COL 2. 81312 01395,COL 2. 81312 01395,True,COL 3. 03537 40833,COL 3. 03537 40833,True,True,
92.png,COL 1. 11856 40420,COL 1. 11856 40420,True,COL 2. 34117 91878,COL 2. 34117 91878,True,COL 3. 61772 69765,COL 3. 61772 69765,True,True,
base64decoded - 2026-01-21T163732.882.png,COL 1. 36051 40365,COL 1. 36051 40365,True,COL 2. 20356 03593,COL 2. 20356 03593,True,COL 3. 43533 56238,COL 3. 43533 56238,True,True,
178.png,COL 1. 23526 20529,COL 1. 23526 20529,True,COL 2. 71116 91541,COL 2. 71116 91541,True,COL 3. 04511 74916,COL 3. 04511 74916,True,True,
base64decoded - 2026-01-21T160143.021.png,COL 1. 53159 52091,COL 1. 53159 52091,True,COL 2. 91104 90574,COL 2. 91104 90574,True,COL 3. 91478 72955,COL 3. 91478 72955,True,True,
150.png,COL 1. 65351 41603,COL 1. 65351 41603,True,COL 2. 33169 96572,COL 2. 33169 96572,True,COL 3. 01870 31624,COL 3. 01870 31624,True,True,
144.png,COL 1. 06711 66671,COL 1. 06711 66671,True,COL 2. 21064 26752,COL 2. 21064 26752,True,COL 3. 60890 29969,COL 3. 60890 29969,True,True,
391.png,COL 1. 34549 67304,COL 1. 34549 67304,True,COL 2. 73616 51511,COL 2. 73616 51511,True,COL 3. 56304 33776,COL 3. 56304 33776,True,True,
base64decoded - 2026-01-21T160058.636.png,COL 1. 05472 45387,COL 1. 05472 45387,True,COL 2. 90005 30423,COL 2. 90005 30423,True,COL 3. 30389 87149,COL 3. 30389 87149,True,True,
base64decoded (63).png,COL 1. 63526 60059,COL 1. 63526 60059,True,COL 2. 33107 90542,COL 2. 33107 90542,True,COL 3. 91319 39228,COL 3. 91319 39228,True,True,
385.png,COL 1. 02513 64106,COL 1. 02513 64106,True,COL 2. 80113 91573,COL 2. 80113 91573,True,COL 3. 21374 52558,COL 3. 21374 52558,True,True,
base64decoded - 2026-01-21T154140.113.png,COL 1. 40545 89390,COL 1. 40545 89390,True,COL 2. 41000 60571,COL 2. 41000 60571,True,COL 3. 90359 17006,COL 3. 90359 17006,True,True,
352.png,COL 1. 34589 09358,COL 1. 34589 09358,True,COL 2. 23136 63544,COL 2. 23136 63544,True,COL 3. 01523 37140,COL 3. 01523 37140,True,True,
346.png,COL 1. 10465 29447,COL 1. 10465 29447,True,COL 2. 60149 64440,COL 2. 60149 64440,True,COL 3. 31826 86553,COL 3. 31826 86553,True,True,
350.png,COL 1. 15446 23439,COL 1. 15446 23439,True,COL 2. 90001 30423,COL 2. 90001 30423,True,COL 3. 60488 86967,COL 3. 60488 86967,True,True,
base64decoded - 2026-01-21T153605.049.png,COL 1. 66373 56604,COL 1. 66373 56604,True,COL 2. 91039 00373,COL 2. 91039 00373,True,COL 3. 20498 45503,COL 3. 20498 45503,True,True,
344.png,COL 1. 72385 27403,COL 1. 72385 27403,True,COL 2. 11102 00360,COL 2. 11102 00360,True,COL 3. 41349 42045,COL 3. 41349 42045,True,True,
base64decoded - 2026-01-21T160008.428.png,COL 1. 86502 85413,COL 1. 86502 85413,True,COL 2. 03009 30523,COL 2. 03009 30523,True,COL 3. 80488 39757,COL 3. 80488 39757,True,True,
20.jfif,COL 1. 13339 20009,COL 1. 13339 20009,True,COL 2. 40105 90340,COL 2. 40105 90340,True,COL 3. 21319 98099,COL 3. 21319 98099,True,True,
378.png,COL 1. 33879 62395,COL 1. 33879 62395,True,COL 2. 44300 00890,COL 2. 44300 00890,True,COL 3. 63339 61640,COL 3. 63339 61640,True,True,
393.png,COL 1. 40567 73158,COL 1. 40567 73158,True,COL 2. 91410 61559,COL 2. 91410 61559,True,COL 3. 84567 79063,COL 3. 84567 79063,True,True,
base64decoded (14).png,COL 1. 91304 83135,COL 1. 91304 83135,True,COL 2. 50416 61359,COL 2. 50416 61359,True,COL 3. 44561 97787,COL 3. 44561 97787,True,True,
387.png,COL 1. 78588 03520,COL 1. 78588 03520,True,COL 2. 81436 63554,COL 2. 81436 63554,True,COL 3. 94563 78416,COL 3. 94563 78416,True,True,
base64decoded - 2026-01-21T160153.584.png,COL 1. 58855 74897,COL 1. 58855 74897,True,COL 2. 64143 94870,COL 2. 64143 94870,True,COL 3. 61876 65036,COL 3. 61876 65036,True,True,
base64decoded - 2026-01-21T164000.080.jpg,COL 1. 67827 16720,COL 1. 67827 16720,True,COL 2. 34056 20854,COL 2. 34056 20854,True,COL 3. 60595 69462,COL 3. 60595 69462,True,True,
152.png,COL 1. 47423 40641,COL 1. 47423 40641,True,COL 2. 50169 96446,COL 2. 50169 96446,True,COL 3. 31810 80009,COL 3. 31810 80009,True,True,
146.png,COL 1. 19507 49163,COL 1. 19507 49163,True,COL 2. 90017 61572,COL 2. 90017 61572,True,COL 3. 60551 50036,COL 3. 60551 50036,True,True,
262.jpeg,COL 1. 32532 26510,COL 1. 32532 26510,True,COL 2. 23006 20550,COL 2. 23006 20550,True,COL 3. 00595 35256,COL 3. 00595 35256,True,True,
base64decoded - 2026-01-21T163840.624.png,COL 1. 52544 72110,COL 1. 52544 72110,True,COL 2. 11359  01592,COL 2. 11359 01592,True,COL 3. 93531 71689,COL 3. 93531 71689,True,True,
84.png,COL 1. 10483 83774,COL 1. 10483 83774,True,COL 2. 10403 60456,COL 2. 10403 60456,True,COL 3. 64565 85777,COL 3. 64565 85777,True,True,
191.png,COL 1. 67082 47164,COL 1. 67082 47164,True,COL 2. 80613 51519,COL 2. 80613 51519,True,COL 3. 16507 51893,COL 3. 16507 51893,True,True,
base64decoded (43).png,COL 1. 86151 88315,COL 1. 86151 88315,True,COL 2. 61137 93340,COL 2. 61137 93340,True,COL 3. 41513 44053,COL 3. 41513 44053,True,True,
185.png,COL 1. 75555 74457,COL 1. 75555 74457,True,COL 2. 81147 94570,COL 2. 81147 94570,True,COL 3. 91876 16850,COL 3. 91876 16850,True,True,
13.jpeg,COL 1. 23516 54301,COL 1. 23516 54301,True,COL 2. 33109 90571,COL 2. 33109 90571,True,COL 3. 01379 38495,COL 3. 01379 38495,True,True,
47.png,COL 1. 14716 54178,COL 1. 14716 54178,True,COL 2. 81114 91779,COL 2. 81114 91779,True,COL 3. 71577 21889,COL 3. 71577 21889,True,True,
base64decoded - 2026-01-21T160819.347.png,COL 1. 95304 24138,COL 1. 95304 24138,True,COL 2. 51117 91376,COL 2. 51117 91376,True,COL 3. 41772 46570,COL 3. 41772 46570,True,True,
base64decoded - 2026-01-21T162235.055.png,COL 1. 66561 73010,COL 1. 66561 73010,True,COL 2. 01404 60551,COL 2. 01404 60551,True,COL 3. 94468 74883,COL 3. 94468 74883,True,True,
base64decoded (55).png,COL 1. 69437 52149,COL 1. 69437 52149,True,COL 2. 10315 01491,COL 2. 10315 01491,True,COL 3. 63531 89125,COL 3. 63531 89125,True,True,
base64decoded - 2026-01-21T163545.170.png,COL 1. 19586 82151,COL 1. 19586 82151,True,COL 2. 01379 01597,COL 2. 01379 01597,True,COL 3. 93732 76366,COL 3. 93732 76366,True,True,
base64decoded - 2026-01-21T153218.628.png,COL 1. 06356 21176,COL 1. 06356 21176,True,COL 2. 10116 91377,COL 2. 10116 91377,True,COL 3. 21772 90810,COL 3. 21772 90810,True,True,
224.png,COL 1. 51530 00511,COL 1. 51530 00511,True,COL 2. 41106 90545,COL 2. 41106 90545,True,COL 3. 91515 70187,COL 3. 91515 70187,True,True,
218.png,COL 1. 96840 16861,COL 1. 96840 16861,True,COL 2. 64067 26856,COL 2. 64067 26856,True,COL 3. 60890 68875,COL 3. 60890 68875,True,True,
base64decoded - 2026-01-21T152427.078.png,COL 1. 08806 55924,COL 1. 08806 55924,True,COL 2. 74033 33820,COL 2. 74033 33820,True,COL 3. 10583 64066,COL 3. 10583 64066,True,True,
base64decoded (96).png,COL 1. 51506 15704,COL 1. 51506 15704,True,COL 2. 21010 31525,COL 2. 21010 31525,True,COL 3. 90587 11596,COL 3. 90587 11596,True,True,
219.png,COL 1. 95307 83596,COL 1. 95307 83596,True,COL 2. 51402 60356,COL 2. 51402 60356,True,COL 3. 44565 48885,COL 3. 44565 48885,True,True,
base64decoded - 2026-01-21T151947.005.png,COL 1. 07410 90109,COL 1. 07410 90109,True,COL 2. 80115 91448,COL 2. 80115 91448,True,COL 3. 31712 88431,COL 3. 31712 88431,True,True,
base64decoded - 2026-01-21T155939.328.png,COL 1. 34811 75686,COL 1. 34811 75686,True,COL 2. 84063 36826,COL 2. 84063 36826,True,COL 3. 10880 64450,COL 3. 10880 64450,True,True,
base64decoded (79).png,COL 1. 33415 40886,COL 1. 33415 40886,True,COL 2. 40145 94448,COL 2. 40145 94448,True,COL 3. 31816 86781,COL 3. 31816 86781,True,True,
225.png,COL 1. 04308 33438,COL 1. 04308 33438,True,COL 2. 10448 64356,COL 2. 10448 64356,True,COL 3. 44866 99435,COL 3. 44866 99435,True,True,
base64decoded - 2026-01-21T160845.418.png,COL 1. 44510 17360,COL 1. 44510 17360,True,COL 2. 01110 01565,COL 2. 01110 01565,True,COL 3. 91547 18734,COL 3. 91547 18734,True,True,
base64decoded - 2026-01-21T161841.483.png,COL 1. 74534 32313,COL 1. 74534 32313,True,COL 2. 30336 00592,COL 2. 30336 00592,True,COL 3. 23339 51610,COL 3. 23339 51610,True,True,
base64decoded - 2026-01-21T155016.024.png,COL 1. 79301 54179,COL 1. 79301 54179,True,COL 2. 11167 96376,COL 2. 11167 96376,True,COL 3. 01870 41429,COL 3. 01870 41429,True,True,
46.png,COL 1. 46307 66894,COL 1. 46307 66894,True,COL 2. 21046 24358,COL 2. 21046 24358,True,COL 3. 00896 41642,COL 3. 00896 41642,True,True,
184.png,COL 1. 47577 39054,COL 1. 47577 39054,True,COL 2. 50103 60544,COL 2. 50103 60544,True,COL 3. 61525 51644,COL 3. 61525 51644,True,True,
190.png,COL 1. 36709 83066,COL 1. 36709 83066,True,COL 2. 01402 60750,COL 2. 01402 60750,True,COL 3. 64468 26233,COL 3. 64468 26233,True,True,
85.png,COL 1. 92504 03004,COL 1. 92504 03004,True,COL 2. 83417 61551,COL 2. 83417 61551,True,COL 3. 04762 33383,COL 3. 04762 33383,True,True,
91.png,COL 1. 25561 49652,COL 1. 25561 49652,True,COL 2. 33068 66576,COL 2. 33068 66576,True,COL 3. 00850 39488,COL 3. 00850 39488,True,True,
130.jpeg,COL 1. 86703 62510,COL 1. 86703 62510,True,COL 2. 51332 03793,COL 2. 51332 03793,True,COL 3. 83533 20312,COL 3. 83533 20312,True,True,
147.png,COL 1. 15534 24541,COL 1. 15534 24541,True,COL 2. 61146 94574,COL 2. 61146 94574,True,COL 3. 21876 76720,COL 3. 21876 76720,True,True,
base64decoded - 2026-01-21T155240.570.png,COL 1. 50676 21354,COL 1. 50676 21354,True,COL 2. 96137 63843,COL 2. 96137 63843,True,COL 3. 51523 02847,COL 3. 51523 02847,True,True,
base64decoded - 2026-01-21T163906.783.jpeg,COL 1. 39058 78135,COL 1. 39058 78135,True,COL 2. 40153 91449,COL 2. 40153 91449,True,COL 3. 74511 80094,COL 3. 74511 80094,True,True,
base64decoded (38).png,COL 1. 64339 95303,COL 1. 64339 95303,True,COL 2. 43032 23554,COL 2. 43032 23554,True,COL 3. 00593 31754,COL 3. 00593 31754,True,True,
153.png,COL 1. 13871 22163,COL 1. 13871 22163,True,COL 2. 56313 01892,COL 2. 56313 01892,True,COL 3. 53531 07752,COL 3. 53531 07752,True,True,
386.png,COL 1. 44509 14139,COL 1. 44509 14139,True,COL 2. 01160 96578,COL 2. 01160 96578,True,COL 3. 91870 74971,COL 3. 91870 74971,True,True,
392.png,COL 1. 60415 39332,COL 1. 60415 39332,True,COL 2. 70139 63444,COL 2. 70139 63444,True,COL 3. 31523 89400,COL 3. 31523 89400,True,True,
52.jpg,COL 1. 52444 42380,COL 1. 52444 42380,True,COL 2. 50302 00492,COL 2. 50302 00492,True,COL 3. 43339 83760,COL 3. 43339 83760,True,True,
379.png,COL 1. 71149 18004,COL 1. 71149 18004,True,COL 2. 71008 30322,COL 2. 71008 30322,True,COL 3. 40389 48927,COL 3. 40389 48927,True,True,
base64decoded (80).png,COL 1. 50724 30469,COL 1. 50724 30469,True,COL 2. 31109 90740,COL 2. 31109 90740,True,COL 3. 61319 28012,COL 3. 61319 28012,True,True,
base64decoded - 2026-01-21T154206.619.png,COL 1. 47551 37002,COL 1. 47551 37002,True,COL 2. 50609 50516,COL 2. 50609 50516,True,COL 3. 46505 55624,COL 3. 46505 55624,True,True,
351.png,COL 1. 21502 94050,COL 1. 21502 94050,True,COL 2. 51106 90571,COL 2. 51106 90571,True,COL 3. 91478 71673,COL 3. 91478 71673,True,True,
188.jpeg,COL 1. 72316 69030,COL 1. 72316 69030,True,COL 2. 20107 60343,COL 2. 20107 60343,True,COL 3. 81428 91872,COL 3. 81428 91872,True,True,
base64decoded - 2026-01-21T161143.068.jpg,COL 1. 42339 57138,COL 1. ***** *****,False,COL 2. 31617 51315,COL 2. ***** *****,False,COL 3. 46501 49244,COL 3. ***** *****,False,False,GIRADO 90 GRADOS
base64decoded (76).png,COL 1. 91546 33311,COL 1. ***** *****,False,COL 2. 51430 63554,COL 2. ***** *****,False,COL 3. 94563 11318,COL 3. ***** *****,False,False,MANCHA EN TICKET ( COL 2.5 51430783654 )
base64decoded - 2026-01-21T155127.340.png,COL 1. 91870 29158,COL 1. ***** *****,False,COL 2. 76117 61848,COL 2. ***** *****,False,COL 3. 51722 01280,COL 3. ***** *****,False,False,TICKET INCLINADO Y DOBLADO (NO LEE BLOQUES DE DIGITOS)
96.jfif,COL 1. 99417 79440,COL 1. ***** *****,False,COL 2. 90149 64444,COL 2. ***** *****,False,COL 3. 31826 87897,COL 3. ***** *****,False,False,TICKET INCLINADO (NO LEE BLOQUES DE DIGITOS)
base64decoded - 2026-01-21T162350.709.jpeg,COL 1. 11517 80456,COL 1. ***** *****,False,COL 2. 00149 94546,COL 2. ***** *****,False,COL 3. 21816 56121,COL 3. ***** *****,False,False,TICKET CON LETRAS EN REVERSO
base64decoded - 2026-01-21T153012.417.png,COL 1. 25416 85970,COL 1. ***** *****,False,COL 2. 00089 36423,COL 2. ***** *****,False,COL 3. 30583 81482,COL 3. ***** *****,False,False,TICKET BORROSO NO SE T+DETECTA COL 2.
base64decoded - 2026-01-21T155930.685.png,COL 1. 42587 97328,COL 1. ***** *****,False,COL 2. 31610 51511,COL 2. ***** *****,False,COL 3. 96304 77711,COL 3. ***** *****,False,False,TICKET INCLINADO Y ENCIMA DE OTRO TICKET (NO DETECTA COLS)
base64decoded - 2026-01-21T151818.252.png,COL 1. 91543 89050,COL 1. ***** *****,False,COL 2. 33002 60570,COL 2. ***** *****,False,COL 3. 00458 37848,COL 3. ***** *****,False,False,GIRADO 90 GRADOS
base64decoded - 2026-01-21T153931.941.png,COL 1. 44581 63691,COL 1. ***** *****,False,COL 2. 41464 66555,COL 2. ***** *****,False,COL 3. 84860 70593,COL 3. ***** *****,False,False,TICKET INCLINADO Y DOBLADO (NO LEE BLOQUES DE DIGITOS)
base64decoded - 2026-01-21T163824.960.png,COL 1. 04406 93141,COL 1. ***** *****,False,COL 2. 90433 61450,COL 2. ***** *****,False,COL 3. 24364 84619,COL 3. ***** *****,False,False,TICKET INCLINADO (NO LEE BLOQUES DE DIGITOS)
base64decoded - 2026-01-21T162359.224.jpeg,COL 1. 06137 00064,COL 1. ***** *****,False,COL 2. 71056 20750,COL 2. ***** *****,False,COL 3. 60595 21856,COL 3. ***** *****,False,False,TICKET INCLINADO (NO LEE BLOQUES DE DIGITOS)
base64decoded - 2026-01-21T160315.687.png,COL 1. 87815 05082,COL 1. ***** *****,False,COL 2. 76007 30820,COL 2. ***** *****,False,COL 3. 30389 03241,COL 3. ***** *****,False,False,TICKET INCLINADO (NO LEE BLOQUES DE DIGITOS)
base64decoded - 2026-01-21T160000.241.png,COL 1. 57373 09897,COL 1. ***** *****,False,COL 2. 81147 64344,COL 2. ***** *****,False,COL 3. 01826 47190,COL 3. ***** *****,False,False,"CAMBIA PUNTO POR COMA EN COL 1,57373 09897"
107.png,COL 1. 04557 13499,COL 1. ***** *****,False,COL 2. 81106 90541,COL 2. ***** *****,False,COL 3. 91319 70965,COL 3. ***** *****,False,False,TICKET CON LETRAS EN REVERSO
299.png,COL 1. 28569 17925,COL 1. ***** *****,False,COL 2. 33636 53514,COL 2. ***** *****,False,COL 3. 06503 31828,COL 3. ***** *****,False,False,GIRADO 90 GRADOS
base64decoded - 2026-01-21T153121.170.png,COL 1. 64181 95395,COL 1. 04181 95395,False,COL 2. 31636 53510,COL 2. 31636 53510,True,COL 3. 86503 75069,COL 3. 86503 75069,True,False,TICKET BORROSO CAMBIO 0 POR 6 EN COL 1. 04181 95395
257.png,COL 1. 18700 26151,COL 1. ***** *****,False,COL 2. 81068 26757,COL 2. ***** *****,False,COL 3. 60890 21560,COL 3. ***** *****,False,False,TICKET INCLINADO Y DOBLADO (NO LEE BLOQUES DE DIGITOS)
base64decoded - 2026-01-21T153200.301.png,COL 1. 97436 22184,COL 1. ***** *****,False,COL 2. 34013 21851,COL 2. ***** *****,False,COL 3. 10597 66559,COL 3. ***** *****,False,False,GIRADO 90 GRADOS
95.png,COL 1. 07517 04168,COL 1. 07517 04168,True,COL 2. 70113 91575,COL 2. 70113 91575,True,COL 3. 21577 53759,COL 3. 21571 53759,False,False,TICKET BORROSO CAMBIA 1 POR 7 AL CLARIFICAR IMAGEN
209.png,COL 1. 61564 57736,COL 1. ***** *****,False,COL 2. 63616 51518,COL 2. ***** *****,False,COL 3. 06702 37301,COL 3. ***** *****,False,False,TICKET RECORTADO NO MUESTRA COLS
base64decoded - 2026-01-21T153238.086.png,COL 1. 87553 42898,COL 1. ***** *****,False,COL 2. 81364 06595,COL 2. ***** *****,False,COL 3. 83830 18920,COL 3. ***** *****,False,False,GIRADO 90 GRADOS
base64decoded (23).png,COL 1. 21832 72427,COL 1. ***** *****,False,COL 2. 94313 01898,COL 2. ***** *****,False,COL 3. 63732 67102,COL 3. ***** *****,False,False,TICKET BORROSO CON SELLO ENCIMA
base64decoded (3).png,COL 1. 32580 27016,COL 1. 32530 27016,False,COL 2. 61404 60550,COL 2. 61404 60550,True,COL 3. 54468 77487,COL 3. 54468 77487,True,False,TICKET BORROSO CAMBIO 3 POR 8 EN COL 1. 32530 27016
226.png,COL 1. 98805 39480,COL 1. ***** *****,False,COL 2. 54046 64874,COL 2. ***** *****,False,COL 3. 60856 66697,COL 3. ***** *****,False,False,TICKET BORROS DETECTA COL/2. 54046 64874
235.jpeg,COL 1. 23351 74008,COL 1. ***** *****,False,COL 2. 03368 09584,COL 2. ***** *****,False,COL 3. 03535 30736,COL 3. ***** *****,False,False,TICKET BORROSO DETECTA COL 2.0 03368 09584
